entity_type,id,name,category,resistance,lambda_learning,weight_in_qhe,frequency,target_streak,description,created_at,archived,state,hardwork_budget_hours,max_pomodoros_per_day,sleep_target_hours,qhe_target,break_minutes,allowed_phases,date,bedtime,wake_time,quality_score,deep_sleep_pct,rem_sleep_pct,interruptions,notes,source,duration_hours,period,routine_type,start_time,end_time,mandatory,days_of_week,duration_minutes,active_on_weekend,label,start,end,routine_id,energia_nivel,foco_nivel,overlaps_period,has_routine_link,block_id,text,humor,is_entry_routine,is_exit_routine,minutos,reason,block_id_before,block_id_after,entry_text,periods_covered,routines_completed,desvios,ajustes_finos,rotinas_logs,licoes_aprendidas,pomodoros_completos,humor_morning,humor_evening,updated_at,round_number,started_at,completed_at,paused_duration_seconds,actual_duration_minutes,is_focus_round,is_break_round,tipo_dia,hardwork_orcado_min,hardwork_realizado_min,pomodoros_meta,pomodoros_realizados,tem_curso,tem_deadline,observacoes,desvio_min,produtividade_pct,parar_de_fazer,repetir,sempre_fazer,big_win,deu_certo,deu_errado,maior_aprendizado,ajustes_para_amanha,estado_geral,eat_min,rest_min,pesado,notas,duracao_total,within_budget,codigo,ritual,duracao_min,completed,severity,rationale,setpoints,days_in_state,previous_state,qhe_input,energy_input,infraction_count,applied,applied_at
habit,hab_beber_2l_agua,Beber 2L de Agua,physiological,2.0,0.093,0.8,DAILY,,,2026-06-08T00:00:00+00:00,false,,,,,,,,,,,,,,,,,,,,,,,,,,,,,,,,,,,,,,,,,,,,,,,,,,,,,,,,,,,,,,,,,,,,,,,,,,,,,,,,,,,,,,,,,,,,,,,,,,,
habit,hab_meditar_10min,Meditar 10min,ritual,3.0,0.093,0.6,DAILY,,,2026-06-08T00:00:00+00:00,false,,,,,,,,,,,,,,,,,,,,,,,,,,,,,,,,,,,,,,,,,,,,,,,,,,,,,,,,,,,,,,,,,,,,,,,,,,,,,,,,,,,,,,,,,,,,,,,,,,,
habit,hab_alongamento_ma,Alongamento Matinal,physiological,4.0,0.093,0.5,DAILY,,,2026-06-08T00:00:00+00:00,false,,,,,,,,,,,,,,,,,,,,,,,,,,,,,,,,,,,,,,,,,,,,,,,,,,,,,,,,,,,,,,,,,,,,,,,,,,,,,,,,,,,,,,,,,,,,,,,,,,,
habit,hab_ler_30min_tec,Ler 30min Tecnico,cognitive,5.0,0.093,0.7,DAILY,,,2026-06-08T00:00:00+00:00,false,,,,,,,,,,,,,,,,,,,,,,,,,,,,,,,,,,,,,,,,,,,,,,,,,,,,,,,,,,,,,,,,,,,,,,,,,,,,,,,,,,,,,,,,,,,,,,,,,,,
habit,hab_caminhada_20m,Caminhada 20min,physiological,4.0,0.093,0.4,DAILY,,,2026-06-08T00:00:00+00:00,false,,,,,,,,,,,,,,,,,,,,,,,,,,,,,,,,,,,,,,,,,,,,,,,,,,,,,,,,,,,,,,,,,,,,,,,,,,,,,,,,,,,,,,,,,,,,,,,,,,,
habit,hab_ligar_familia,Ligar para Familia,social,6.0,0.093,0.3,DAILY,,,2026-06-08T00:00:00+00:00,false,,,,,,,,,,,,,,,,,,,,,,,,,,,,,,,,,,,,,,,,,,,,,,,,,,,,,,,,,,,,,,,,,,,,,,,,,,,,,,,,,,,,,,,,,,,,,,,,,,,
habit,hab_escrever_diari,Escrever no Diario,creative,3.0,0.093,0.4,DAILY,,,2026-06-08T00:00:00+00:00,false,,,,,,,,,,,,,,,,,,,,,,,,,,,,,,,,,,,,,,,,,,,,,,,,,,,,,,,,,,,,,,,,,,,,,,,,,,,,,,,,,,,,,,,,,,,,,,,,,,,
habit,hab_planejar_dia_s,Planejar Dia Seguinte,ritual,1.0,0.093,0.9,DAILY,,,2026-06-08T00:00:00+00:00,false,,,,,,,,,,,,,,,,,,,,,,,,,,,,,,,,,,,,,,,,,,,,,,,,,,,,,,,,,,,,,,,,,,,,,,,,,,,,,,,,,,,,,,,,,,,,,,,,,,,
policy_setpoints,set_push_demo,,,,,,,,PUSH regime: maximum focus.,2026-06-08T00:00:00+00:00,,PUSH,8.0,10,7.0,0.85,10,"[""DEEP_WORK"", ""SHALLOW_WORK""]",,,,,,,,,,,,,,,,,,,,,,,,,,,,,,,,,,,,,,,,,,,,,,,,,,,,,,,,,,,,,,,,,,,,,,,,,,,,,,,,,,,,,,,,,,,,
policy_setpoints,set_maintain_demo,,,,,,,,MAINTAIN regime: steady cadence.,2026-06-08T00:00:00+00:00,,MAINTAIN,6.0,8,8.0,0.75,10,"[""DEEP_WORK"", ""SHALLOW_WORK""]",,,,,,,,,,,,,,,,,,,,,,,,,,,,,,,,,,,,,,,,,,,,,,,,,,,,,,,,,,,,,,,,,,,,,,,,,,,,,,,,,,,,,,,,,,,,
policy_setpoints,set_reduce_demo,,,,,,,,REDUCE regime: protect recovery.,2026-06-08T00:00:00+00:00,,REDUCE,4.0,5,8.0,0.65,15,"[""SHALLOW_WORK"", ""RECOVERY""]",,,,,,,,,,,,,,,,,,,,,,,,,,,,,,,,,,,,,,,,,,,,,,,,,,,,,,,,,,,,,,,,,,,,,,,,,,,,,,,,,,,,,,,,,,,,
policy_setpoints,set_recover_demo,,,,,,,,RECOVER regime: hard stop.,2026-06-08T00:00:00+00:00,,RECOVER,2.0,2,9.0,0.5,20,"[""RECOVERY""]",,,,,,,,,,,,,,,,,,,,,,,,,,,,,,,,,,,,,,,,,,,,,,,,,,,,,,,,,,,,,,,,,,,,,,,,,,,,,,,,,,,,,,,,,,,,
sleep_record,sle_2026_06_02,,,,,,,,,2026-06-02T04:00:00+00:00,,,,,,,,,2026-06-02,20:30:00,04:00:00,9,28.0,22.0,0,Sono reparador. Ciclo completo. Acordei naturalmente.,MANUAL,7.5,,,,,,,,,,,,,,,,,,,,,,,,,,,,,,,,,,,,,,,,,,,,,,,,,,,,,,,,,,,,,,,,,,,,,,,,,,,,,,,,,,
routine,rou_demo_00_00_2026_06_02,Despertar Natural + Hidratacao,,,,,,,Padrao Ouro - Segunda Padrao Ouro,2026-06-02T04:00:00+00:00,false,,,,,,,,,,,,,,,,,,MANHA,ENTRY,04:00:00,04:25:00,true,"[0, 1, 2, 3, 4, 5, 6]",25,true,,,,,,,,,,,,,,,,,,,,,,,,,,,,,,,,,,,,,,,,,,,,,,,,,,,,,,,,,,,,,,,,,,,,,,,,,,
routine,rou_demo_00_01_2026_06_02,Deep Work - Feature JWT,,,,,,,Padrao Ouro - Segunda Padrao Ouro,2026-06-02T04:30:00+00:00,false,,,,,,,,,,,,,,,,,,MANHA,CORE,04:30:00,08:00:00,true,"[0, 1, 2, 3, 4, 5, 6]",210,true,,,,,,,,,,,,,,,,,,,,,,,,,,,,,,,,,,,,,,,,,,,,,,,,,,,,,,,,,,,,,,,,,,,,,,,,,,
time_block,blk_demo_00_00_2026_06_02,,,,,,,,,2026-06-02T04:00:00+00:00,,,,,,,,,,,,,,,,,,,MANHA,,,,,,240,,Deep Work - Autenticacao JWT,2026-06-02T04:00:00+00:00,2026-06-02T08:00:00+00:00,,,,false,false,,,,,,,,,,,,,,,,,,,,,,,,,,,,,,,,,,,,,,,,,,,,,,,,,,,,,,,,,,,,,,,,,,
time_block,blk_demo_00_01_2026_06_02,,,,,,,,,2026-06-02T08:30:00+00:00,,,,,,,,,,,,,,,,,,,TARDE,,,,,,210,,Code Review + Refatoracao Rotas,2026-06-02T08:30:00+00:00,2026-06-02T12:00:00+00:00,,,,true,false,,,,,,,,,,,,,,,,,,,,,,,,,,,,,,,,,,,,,,,,,,,,,,,,,,,,,,,,,,,,,,,,,,
routine_log,rlg_demo_00_00_2026_06_02,,,,,,,,,2026-06-02T22:00:00+00:00,,,,,,,,,2026-06-02,,,,,,,,,,MANHA,ENTRY,,,,,,,,,,rou_demo_00_00_2026_06_02,10,10,,,,Execucao automatica do cenario Padrao Ouro,4,true,false,,,,,,,,,,,,,,,,,,,,,,,,,,,,,,,,,,,,,,,,,,,,,,,,,,,,,,,,,,,,,
routine_log,rlg_demo_00_01_2026_06_02,,,,,,,,,2026-06-02T22:00:00+00:00,,,,,,,,,2026-06-02,,,,,,,,,,MANHA,CORE,,,,,,,,,,rou_demo_00_01_2026_06_02,8,8,,,,Execucao automatica do cenario Padrao Ouro,4,false,false,,,,,,,,,,,,,,,,,,,,,,,,,,,,,,,,,,,,,,,,,,,,,,,,,,,,,,,,,,,,,
ajuste_fino,adj_demo_00_00_2026_06_02,,,,,,,,,2026-06-02T20:00:00+00:00,,,,,,,,,2026-06-02,,,,,,,,,,MANHA,,,,,,,,,,,,,,,,,,,,,-5,Reduzir meditacao 15 para 10min libera 5min de deep work.,,,,,,,,,,,,,,,,,,,,,,,,,,,,,,,,,,,,,,,,,,,,,,,,,,,,,,,,,,,
journal_entry,jrn_demo_00_00_2026_06_02,,,,,,,,,2026-06-02T20:00:00+00:00,,,,,,,,,2026-06-02,,,,,,,,,,,,,,,,,,,,,,8,9,,,,,,,,,,,,"**DIA PERFEITO**

Acordei 04:00 naturalmente. Sono 8h Q=9. Ritual matinal completo. Pronto para o dia.

Sessao 1 (04:30-08:00): 4 rounds de 50min. Feature JWT completa.

---

**REVISAO NOTURNA**

Checklist 8/8 rotinas. 11/12 pomodoros. Energia 9/10. Foco 9/10.","[""MANHA"", ""NOITE"", ""TARDE""]",[],[],[],[],"[""Manter hidratacao entre rounds melhora foco na 2a metade da manha."", ""Acordar sem alarme e o melhor indicador de sono reparador.""]",11,5,5,2026-06-08T20:53:51.706918+00:00,,,,,,,,,,,,,,,,,,,,,,,,,,,,,,,,,,,,,,,,,,,,,,
pomodoro_round,pom_demo_00_00_2026_06_02,,,,,,,,,,,COMPLETE,,,,,,,,,,,,,,,,,,,,,,,,,,,,,,,,,,,,,,,,,,,,,,,,,,,,,1,2026-06-02T04:00:00+00:00,2026-06-02T05:00:00+00:00,0,60.0,true,false,,,,,,,,,,,,,,,,,,,,,,,,,,,,,,,,,,,,,,,
pomodoro_round,pom_demo_00_01_2026_06_02,,,,,,,,,,,COMPLETE,,,,,,,,,,,,,,,,,,,,,,,,,,,,,,,,,,,,,,,,,,,,,,,,,,,,,2,2026-06-02T05:00:00+00:00,2026-06-02T06:00:00+00:00,0,60.0,true,false,,,,,,,,,,,,,,,,,,,,,,,,,,,,,,,,,,,,,,,
pomodoro_round,pom_demo_00_02_2026_06_02,,,,,,,,,,,COMPLETE,,,,,,,,,,,,,,,,,,,,,,,,,,,,,,,,,,,,,,,,,,,,,,,,,,,,,3,2026-06-02T06:00:00+00:00,2026-06-02T07:00:00+00:00,0,60.0,true,false,,,,,,,,,,,,,,,,,,,,,,,,,,,,,,,,,,,,,,,
day_context,ctx_2026_06_02,,,,,,,,,2026-06-02T04:00:00+00:00,,,,,,,,,2026-06-02,,,,,,,,,,,,,,,,,,,,,,,,,,,,,,,,,,,,,,,,,,,,,,,,,,,,,curso,240,240,12,11,true,false,Padrao Ouro: Segunda Padrao Ouro,0,100.0,,,,,,,,,,,,,,,,,,,,,,,,,,,,,
daily_reflection,ref_2026_06_02,,,,,,,,,2026-06-02T22:00:00+00:00,,,,,,,,,2026-06-02,,,,,,,,,,,,,,,,,,,,,,,,,,,,,,,,,,,,,,,,,,,,,,,,,,,,,,,,,,,,,,,"[""Dormir apos 21h""]","[""Acordar sem alarme"", ""Hidratacao logo apos acordar""]","[""Meditacao 10min antes do deep work""]",Acordar 1h antes do primeiro compromisso (4h) gera flow state matinal,"[""Feature JWT completa + testada"", ""Code review encontrou 3 bugs antes do deploy""]","[""Sessao 3 reduzida por falta de energia pos-almoco""]",Sono define o dia - qualidade 9 leva a energia 9 e foco 9,"[""Reduzir meditacao de 15 para 10min para liberar 5min de deep work""]",bom,,,,,,,,,,,,,,,,,,,,
lunch_record,lun_2026_06_02,,,,,,,,,2026-06-02T12:05:00+00:00,,,,,,,,,2026-06-02,,,,,,,,,,,,,,,,,,,,,,,,,,,,,,,,,,,,,,,,,,,,,,,,,,,,,,,,,,,,,,,,,,,,,,,,5,30,false,Salada + frango grelhado.,35,true,,,,,,,,,,,,,,
transicao,trn_t1_2026_06_02,,,,,,,,,2026-06-02T08:00:00+00:00,,,,,,,,,2026-06-02,,,,,,,,,,,,,,,,,,,,,,,,,,,,,,,,,,,,,,,,,,,,,,,,,,,,,,,,,,,,,,,,,,,,,,,,,,,,,,T1,HYDRATION,15,true,,,,,,,,,,
transicao,trn_t2_2026_06_02,,,,,,,,,2026-06-02T09:00:00+00:00,,,,,,,,,2026-06-02,,,,,,,,,,,,,,,,,,,,,,,,,,,,,,,,,,,,,,,,,,,,,,,,,,,,,,,,,,,,,,,,,,,,,,,,,,,,,,T2,MORNING,15,true,,,,,,,,,,
transicao,trn_t3_2026_06_02,,,,,,,,,2026-06-02T10:00:00+00:00,,,,,,,,,2026-06-02,,,,,,,,,,,,,,,,,,,,,,,,,,,,,,,,,,,,,,,,,,,,,,,,,,,,,,,,,,,,,,,,,,,,,,,,,,,,,,T3,MORNING,15,true,,,,,,,,,,
transicao,trn_t4_2026_06_02,,,,,,,,,2026-06-02T11:00:00+00:00,,,,,,,,,2026-06-02,,,,,,,,,,,,,,,,,,,,,,,,,,,,,,,,,,,,,,,,,,,,,,,,,,,,,,,,,,,,,,,,,,,,,,,,,,,,,,T4,MEDITATION,15,true,,,,,,,,,,
transicao,trn_t5_2026_06_02,,,,,,,,,2026-06-02T12:00:00+00:00,,,,,,,,,2026-06-02,,,,,,,,,,,,,,,,,,,,,,,,,,,,,,,,,,,,,,,,,,,,,,,,,,,,,,,,,,,,,,,,,,,,,,,,,,,,,,T5,MORNING,15,true,,,,,,,,,,
policy_decision,pol_demo_00_2026_06_02,,,,,,,,,2026-06-02T20:30:00+00:00,,MAINTAIN,,,,,,,2026-06-02,,,,,,,,,,,,,,,,,,,,,,,,,,,,,,,,,,,,,,,,,,,,,,,,,,,,,,,,,,,,,,,,,,,,,,,,,,,,,,,,,,INFO,Dentro do padrao ouro. Manter regime. QHE alto.,"{""id"": ""set_1e1240cddf73"", ""state"": ""MAINTAIN"", ""hardwork_budget_hours"": 6.0, ""max_pomodoros_per_day"": 8, ""sleep_target_hours"": 8.0, ""qhe_target"": 0.75, ""break_minutes"": 10, ""allowed_phases"": [""DEEP_WORK"", ""SHALLOW_WORK""], ""description"": ""MAINTAIN regime: steady cadence. 6h hard work, 8 pomodoros, sleep 8h, Q_HE target 0.75."", ""created_at"": ""2026-06-08 17:53:51.707108""}",3,,0.78,H,0,true,2026-06-02T20:30:00+00:00
sleep_record,sle_2026_06_03,,,,,,,,,2026-06-03T05:30:00+00:00,,,,,,,,,2026-06-03,21:30:00,05:30:00,6,18.0,20.0,2,Dormi mais tarde (serie no streaming). Acordei 1h alem do padrao ouro.,MANUAL,8.0,,,,,,,,,,,,,,,,,,,,,,,,,,,,,,,,,,,,,,,,,,,,,,,,,,,,,,,,,,,,,,,,,,,,,,,,,,,,,,,,,,
routine,rou_demo_01_00_2026_06_03,Despertar Tarde + Hidratacao Rapida,,,,,,,Desvio Leve - Terca com Atraso,2026-06-03T05:30:00+00:00,false,,,,,,,,,,,,,,,,,,MANHA,ENTRY,05:30:00,05:45:00,true,"[0, 1, 2, 3, 4, 5, 6]",15,true,,,,,,,,,,,,,,,,,,,,,,,,,,,,,,,,,,,,,,,,,,,,,,,,,,,,,,,,,,,,,,,,,,,,,,,,,,
routine,rou_demo_01_01_2026_06_03,Deep Work Reduzido,,,,,,,Desvio Leve - Terca com Atraso,2026-06-03T05:50:00+00:00,false,,,,,,,,,,,,,,,,,,MANHA,CORE,05:50:00,08:00:00,true,"[0, 1, 2, 3, 4, 5, 6]",130,true,,,,,,,,,,,,,,,,,,,,,,,,,,,,,,,,,,,,,,,,,,,,,,,,,,,,,,,,,,,,,,,,,,,,,,,,,,
time_block,blk_demo_01_00_2026_06_03,,,,,,,,,2026-06-03T05:50:00+00:00,,,,,,,,,,,,,,,,,,,MANHA,,,,,,130,,Deep Work Reduzido (2h),2026-06-03T05:50:00+00:00,2026-06-03T08:00:00+00:00,,,,false,false,,,,,,,,,,,,,,,,,,,,,,,,,,,,,,,,,,,,,,,,,,,,,,,,,,,,,,,,,,,,,,,,,,
time_block,blk_demo_01_01_2026_06_03,,,,,,,,,2026-06-03T08:30:00+00:00,,,,,,,,,,,,,,,,,,,TARDE,,,,,,210,,Correcao de Bugs Urgentes,2026-06-03T08:30:00+00:00,2026-06-03T12:00:00+00:00,,,,true,false,,,,,,,,,,,,,,,,,,,,,,,,,,,,,,,,,,,,,,,,,,,,,,,,,,,,,,,,,,,,,,,,,,
routine_log,rlg_demo_01_00_2026_06_03,,,,,,,,,2026-06-03T22:00:00+00:00,,,,,,,,,2026-06-03,,,,,,,,,,MANHA,ENTRY,,,,,,,,,,rou_demo_01_00_2026_06_03,8,8,,,,Execucao automatica do cenario Desvio Leve,4,true,false,,,,,,,,,,,,,,,,,,,,,,,,,,,,,,,,,,,,,,,,,,,,,,,,,,,,,,,,,,,,,
routine_log,rlg_demo_01_01_2026_06_03,,,,,,,,,2026-06-03T22:00:00+00:00,,,,,,,,,2026-06-03,,,,,,,,,,MANHA,CORE,,,,,,,,,,rou_demo_01_01_2026_06_03,6,6,,,,Execucao automatica do cenario Desvio Leve,4,false,false,,,,,,,,,,,,,,,,,,,,,,,,,,,,,,,,,,,,,,,,,,,,,,,,,,,,,,,,,,,,,
ajuste_fino,adj_demo_01_00_2026_06_03,,,,,,,,,2026-06-03T20:00:00+00:00,,,,,,,,,2026-06-03,,,,,,,,,,NOITE,,,,,,,,,,,,,,,,,,,,,60,Dormir 20:00 hoje (vs 21:30 ontem) para recuperar 1h sono.,,,,,,,,,,,,,,,,,,,,,,,,,,,,,,,,,,,,,,,,,,,,,,,,,,,,,,,,,,,
journal_entry,jrn_demo_01_00_2026_06_03,,,,,,,,,2026-06-03T20:00:00+00:00,,,,,,,,,2026-06-03,,,,,,,,,,,,,,,,,,,,,,6,6,,,,,,,,,,,,"**DESVIO LEVE**

Acordei 05:30 - 1h alem do padrao ouro. Sono leve (Q=6).
Decisao: pular workout, manter 2 pomodoros da manha.

---

**LICOES DO DESVIO**

1. Compensar workout a tarde foi erro.
2. Foco em tarefas CRITICAS reduziu impacto.
3. Decisao: dormir 20:00 hoje.","[""MANHA"", ""NOITE"", ""TARDE""]",[],"[""Acordei 1h alem do padrao (5:30 vs limite 5:00). Infracao LEVE.""]",[],[],"[""Nao compensar workout a tarde - quebra o ciclo circadiano."", ""Sono 6h = energia funcional mas com margem apertada.""]",6,3,3,2026-06-08T20:53:51.707260+00:00,,,,,,,,,,,,,,,,,,,,,,,,,,,,,,,,,,,,,,,,,,,,,,
pomodoro_round,pom_demo_01_00_2026_06_03,,,,,,,,,,,COMPLETE,,,,,,,,,,,,,,,,,,,,,,,,,,,,,,,,,,,,,,,,,,,,,,,,,,,,,1,2026-06-03T04:00:00+00:00,2026-06-03T05:00:00+00:00,0,60.0,true,false,,,,,,,,,,,,,,,,,,,,,,,,,,,,,,,,,,,,,,,
pomodoro_round,pom_demo_01_01_2026_06_03,,,,,,,,,,,COMPLETE,,,,,,,,,,,,,,,,,,,,,,,,,,,,,,,,,,,,,,,,,,,,,,,,,,,,,2,2026-06-03T05:00:00+00:00,2026-06-03T06:00:00+00:00,0,60.0,true,false,,,,,,,,,,,,,,,,,,,,,,,,,,,,,,,,,,,,,,,
day_context,ctx_2026_06_03,,,,,,,,,2026-06-03T04:00:00+00:00,,,,,,,,,2026-06-03,,,,,,,,,,,,,,,,,,,,,,,,,,,,,,,,,,,,,,,,,,,,,,,,,,,,,curso,240,180,8,6,true,false,Desvio Leve: Terca com Atraso,-60,75.0,,,,,,,,,,,,,,,,,,,,,,,,,,,,,
daily_reflection,ref_2026_06_03,,,,,,,,,2026-06-03T22:00:00+00:00,,,,,,,,,2026-06-03,,,,,,,,,,,,,,,,,,,,,,,,,,,,,,,,,,,,,,,,,,,,,,,,,,,,,,,,,,,,,,,"[""Assistir serie apos 19h""]","[""Hidratacao logo ao acordar""]","[""Higiene sono (sem telas 2h antes)""]","Ja estar na mesa as 5:50, mesmo apos atraso, reduz o impacto total.","[""Cumpri os 2 pomodoros da manha apesar do atraso""]","[""Tentei compensar workout a tarde - quebra o ciclo (nao fazer mais)""]","Sono 6h + 1h atraso da energia 7 e foco 7. Funciona, mas com margem minima.","[""Dormir 20:00 hoje para recuperar 1h de sono""]",regular,,,,,,,,,,,,,,,,,,,,
lunch_record,lun_2026_06_03,,,,,,,,,2026-06-03T12:05:00+00:00,,,,,,,,,2026-06-03,,,,,,,,,,,,,,,,,,,,,,,,,,,,,,,,,,,,,,,,,,,,,,,,,,,,,,,,,,,,,,,,,,,,,,,,5,30,false,Almoco normal.,35,true,,,,,,,,,,,,,,
transicao,trn_t1_2026_06_03,,,,,,,,,2026-06-03T08:00:00+00:00,,,,,,,,,2026-06-03,,,,,,,,,,,,,,,,,,,,,,,,,,,,,,,,,,,,,,,,,,,,,,,,,,,,,,,,,,,,,,,,,,,,,,,,,,,,,,T1,HYDRATION,15,true,,,,,,,,,,
transicao,trn_t2_2026_06_03,,,,,,,,,2026-06-03T09:00:00+00:00,,,,,,,,,2026-06-03,,,,,,,,,,,,,,,,,,,,,,,,,,,,,,,,,,,,,,,,,,,,,,,,,,,,,,,,,,,,,,,,,,,,,,,,,,,,,,T2,MORNING,15,true,,,,,,,,,,
transicao,trn_t3_2026_06_03,,,,,,,,,2026-06-03T10:00:00+00:00,,,,,,,,,2026-06-03,,,,,,,,,,,,,,,,,,,,,,,,,,,,,,,,,,,,,,,,,,,,,,,,,,,,,,,,,,,,,,,,,,,,,,,,,,,,,,T3,MORNING,15,true,,,,,,,,,,
transicao,trn_t4_2026_06_03,,,,,,,,,2026-06-03T11:00:00+00:00,,,,,,,,,2026-06-03,,,,,,,,,,,,,,,,,,,,,,,,,,,,,,,,,,,,,,,,,,,,,,,,,,,,,,,,,,,,,,,,,,,,,,,,,,,,,,T4,MEDITATION,15,true,,,,,,,,,,
transicao,trn_t5_2026_06_03,,,,,,,,,2026-06-03T12:00:00+00:00,,,,,,,,,2026-06-03,,,,,,,,,,,,,,,,,,,,,,,,,,,,,,,,,,,,,,,,,,,,,,,,,,,,,,,,,,,,,,,,,,,,,,,,,,,,,,T5,MORNING,15,true,,,,,,,,,,
policy_decision,pol_demo_01_2026_06_03,,,,,,,,,2026-06-03T20:30:00+00:00,,REDUCE,,,,,,,2026-06-03,,,,,,,,,,,,,,,,,,,,,,,,,,,,,,,,,,,,,,,,,,,,,,,,,,,,,,,,,,,,,,,,,,,,,,,,,,,,,,,,,,WARNING,Desvio leve mas recuperavel. Recomendar sono extra.,"{""id"": ""set_b9ba529577f8"", ""state"": ""REDUCE"", ""hardwork_budget_hours"": 4.0, ""max_pomodoros_per_day"": 5, ""sleep_target_hours"": 8.0, ""qhe_target"": 0.65, ""break_minutes"": 15, ""allowed_phases"": [""SHALLOW_WORK"", ""RECOVERY""], ""description"": ""REDUCE regime: protect recovery. 4h hard work, 5 pomodoros, sleep 8h, Q_HE target 0.65."", ""created_at"": ""2026-06-08 17:53:51.707385""}",1,,0.55,H,1,true,2026-06-03T20:30:00+00:00
sleep_record,sle_2026_06_04,,,,,,,,,2026-06-04T06:00:00+00:00,,,,,,,,,2026-06-04,02:00:00,06:00:00,4,12.0,15.0,1,Deadline do relatorio trimestral. Dormi so 4h. Cafe as 2h30.,MANUAL,4.0,,,,,,,,,,,,,,,,,,,,,,,,,,,,,,,,,,,,,,,,,,,,,,,,,,,,,,,,,,,,,,,,,,,,,,,,,,,,,,,,,,
routine,rou_demo_02_00_2026_06_04,Acordar com Cafe Forte,,,,,,,Modo Hardcore - Quarta Hardcore,2026-06-04T06:00:00+00:00,false,,,,,,,,,,,,,,,,,,MANHA,ENTRY,06:00:00,06:10:00,true,"[0, 1, 2, 3, 4, 5, 6]",10,true,,,,,,,,,,,,,,,,,,,,,,,,,,,,,,,,,,,,,,,,,,,,,,,,,,,,,,,,,,,,,,,,,,,,,,,,,,
routine,rou_demo_02_01_2026_06_04,Deep Work Emergencial,,,,,,,Modo Hardcore - Quarta Hardcore,2026-06-04T06:15:00+00:00,false,,,,,,,,,,,,,,,,,,MANHA,CORE,06:15:00,11:00:00,true,"[0, 1, 2, 3, 4, 5, 6]",285,true,,,,,,,,,,,,,,,,,,,,,,,,,,,,,,,,,,,,,,,,,,,,,,,,,,,,,,,,,,,,,,,,,,,,,,,,,,
time_block,blk_demo_02_00_2026_06_04,,,,,,,,,2026-06-04T06:15:00+00:00,,,,,,,,,,,,,,,,,,,MANHA,,,,,,285,,Deep Work Emergencial,2026-06-04T06:15:00+00:00,2026-06-04T11:00:00+00:00,,,,false,false,,,,,,,,,,,,,,,,,,,,,,,,,,,,,,,,,,,,,,,,,,,,,,,,,,,,,,,,,,,,,,,,,,
time_block,blk_demo_02_01_2026_06_04,,,,,,,,,2026-06-04T11:15:00+00:00,,,,,,,,,,,,,,,,,,,TARDE,,,,,,225,,Continuacao Relatorio,2026-06-04T11:15:00+00:00,2026-06-04T15:00:00+00:00,,,,true,false,,,,,,,,,,,,,,,,,,,,,,,,,,,,,,,,,,,,,,,,,,,,,,,,,,,,,,,,,,,,,,,,,,
routine_log,rlg_demo_02_00_2026_06_04,,,,,,,,,2026-06-04T22:00:00+00:00,,,,,,,,,2026-06-04,,,,,,,,,,MANHA,ENTRY,,,,,,,,,,rou_demo_02_00_2026_06_04,5,6,,,,Execucao automatica do cenario Modo Hardcore,4,true,false,,,,,,,,,,,,,,,,,,,,,,,,,,,,,,,,,,,,,,,,,,,,,,,,,,,,,,,,,,,,,
routine_log,rlg_demo_02_01_2026_06_04,,,,,,,,,2026-06-04T22:00:00+00:00,,,,,,,,,2026-06-04,,,,,,,,,,MANHA,CORE,,,,,,,,,,rou_demo_02_01_2026_06_04,3,4,,,,Execucao automatica do cenario Modo Hardcore,4,false,false,,,,,,,,,,,,,,,,,,,,,,,,,,,,,,,,,,,,,,,,,,,,,,,,,,,,,,,,,,,,,
ajuste_fino,adj_demo_02_00_2026_06_04,,,,,,,,,2026-06-04T20:00:00+00:00,,,,,,,,,2026-06-04,,,,,,,,,,NOITE,,,,,,,,,,,,,,,,,,,,,180,RECUPERACAO: dormir 18:00h hoje (9h sono compensatorio).,,,,,,,,,,,,,,,,,,,,,,,,,,,,,,,,,,,,,,,,,,,,,,,,,,,,,,,,,,,
journal_entry,jrn_demo_02_00_2026_06_04,,,,,,,,,2026-06-04T20:00:00+00:00,,,,,,,,,2026-06-04,,,,,,,,,,,,,,,,,,,,,,3,4,,,,,,,,,,,,"**MODO HARDCORE ATIVADO**

Dormi 02:00 ate 06:00 = 4h. Q=4. Cafe as 2:30. Adrenalina da deadline.
Energia 4, foco 7.

---

**RELATORIO ENTREGUE**

16:55h, 5min antes do deadline. 8/11 pomodoros. Sono cobrado.
RECUPERACAO OBRIGATORIA: dormir 18:00h hoje.","[""MANHA"", ""NOITE"", ""TARDE""]",[],"[""Sono 4h. Infracao GRAVE se repetida (max 2x/mes)."", ""Almoco reduzido (5min eat + 20min rest vs 5+30 padrao).""]",[],[],"[""Adrenalina + deadline seguram foco 3h."", ""1 hardcore/mes e o teto. 2x/mes ja cobra.""]",8,2,3,2026-06-08T20:53:51.707513+00:00,,,,,,,,,,,,,,,,,,,,,,,,,,,,,,,,,,,,,,,,,,,,,,
pomodoro_round,pom_demo_02_00_2026_06_04,,,,,,,,,,,COMPLETE,,,,,,,,,,,,,,,,,,,,,,,,,,,,,,,,,,,,,,,,,,,,,,,,,,,,,1,2026-06-04T04:00:00+00:00,2026-06-04T05:00:00+00:00,0,60.0,true,false,,,,,,,,,,,,,,,,,,,,,,,,,,,,,,,,,,,,,,,
pomodoro_round,pom_demo_02_01_2026_06_04,,,,,,,,,,,COMPLETE,,,,,,,,,,,,,,,,,,,,,,,,,,,,,,,,,,,,,,,,,,,,,,,,,,,,,2,2026-06-04T05:00:00+00:00,2026-06-04T06:00:00+00:00,0,60.0,true,false,,,,,,,,,,,,,,,,,,,,,,,,,,,,,,,,,,,,,,,
day_context,ctx_2026_06_04,,,,,,,,,2026-06-04T04:00:00+00:00,,,,,,,,,2026-06-04,,,,,,,,,,,,,,,,,,,,,,,,,,,,,,,,,,,,,,,,,,,,,,,,,,,,,hardcore,660,480,11,8,true,true,Modo Hardcore: Quarta Hardcore,-180,72.72727272727273,,,,,,,,,,,,,,,,,,,,,,,,,,,,,
daily_reflection,ref_2026_06_04,,,,,,,,,2026-06-04T22:00:00+00:00,,,,,,,,,2026-06-04,,,,,,,,,,,,,,,,,,,,,,,,,,,,,,,,,,,,,,,,,,,,,,,,,,,,,,,,,,,,,,,"[""Subestimar deadlines""]","[""Cafe estrategico as 2:30h para reduzir sonolencia""]","[""Power nap 20min se necessario""]",Adrenalina da deadline segurou o foco 3h seguidas.,"[""Relatorio entregue as 16:55 (5min antes)""]","[""Recuperei pouco - sono acumulado vai cobrar""]","4h sono e sustentavel para 1 dia, mas cobra na proxima 48h.","[""RECUPERACAO OBRIGATORIA - dormir 18h hoje""]",ruim,,,,,,,,,,,,,,,,,,,,
lunch_record,lun_2026_06_04,,,,,,,,,2026-06-04T12:10:00+00:00,,,,,,,,,2026-06-04,,,,,,,,,,,,,,,,,,,,,,,,,,,,,,,,,,,,,,,,,,,,,,,,,,,,,,,,,,,,,,,,,,,,,,,,10,20,false,"Almoco rapido, sem descanso - modo emergencia.",30,false,,,,,,,,,,,,,,
transicao,trn_t1_2026_06_04,,,,,,,,,2026-06-04T08:00:00+00:00,,,,,,,,,2026-06-04,,,,,,,,,,,,,,,,,,,,,,,,,,,,,,,,,,,,,,,,,,,,,,,,,,,,,,,,,,,,,,,,,,,,,,,,,,,,,,T1,HYDRATION,15,true,,,,,,,,,,
transicao,trn_t2_2026_06_04,,,,,,,,,2026-06-04T09:00:00+00:00,,,,,,,,,2026-06-04,,,,,,,,,,,,,,,,,,,,,,,,,,,,,,,,,,,,,,,,,,,,,,,,,,,,,,,,,,,,,,,,,,,,,,,,,,,,,,T2,MORNING,15,true,,,,,,,,,,
transicao,trn_t3_2026_06_04,,,,,,,,,2026-06-04T10:00:00+00:00,,,,,,,,,2026-06-04,,,,,,,,,,,,,,,,,,,,,,,,,,,,,,,,,,,,,,,,,,,,,,,,,,,,,,,,,,,,,,,,,,,,,,,,,,,,,,T3,MORNING,15,true,,,,,,,,,,
transicao,trn_t4_2026_06_04,,,,,,,,,2026-06-04T11:00:00+00:00,,,,,,,,,2026-06-04,,,,,,,,,,,,,,,,,,,,,,,,,,,,,,,,,,,,,,,,,,,,,,,,,,,,,,,,,,,,,,,,,,,,,,,,,,,,,,T4,MEDITATION,15,true,,,,,,,,,,
transicao,trn_t5_2026_06_04,,,,,,,,,2026-06-04T12:00:00+00:00,,,,,,,,,2026-06-04,,,,,,,,,,,,,,,,,,,,,,,,,,,,,,,,,,,,,,,,,,,,,,,,,,,,,,,,,,,,,,,,,,,,,,,,,,,,,,T5,MORNING,15,true,,,,,,,,,,
policy_decision,pol_demo_02_2026_06_04,,,,,,,,,2026-06-04T20:30:00+00:00,,RECOVER,,,,,,,2026-06-04,,,,,,,,,,,,,,,,,,,,,,,,,,,,,,,,,,,,,,,,,,,,,,,,,,,,,,,,,,,,,,,,,,,,,,,,,,,,,,,,,,CRITICAL,Hardcore day. Recuperacao 48h obrigatoria.,"{""id"": ""set_1cbf093fc4c3"", ""state"": ""RECOVER"", ""hardwork_budget_hours"": 2.0, ""max_pomodoros_per_day"": 2, ""sleep_target_hours"": 9.0, ""qhe_target"": 0.5, ""break_minutes"": 20, ""allowed_phases"": [""RECOVERY""], ""description"": ""RECOVER regime: hard stop. 2h hard work, 2 pomodoros, sleep 9h, Q_HE target 0.50."", ""created_at"": ""2026-06-08 17:53:51.707605""}",1,,0.35,M,2,true,2026-06-04T20:30:00+00:00
sleep_record,sle_2026_06_05,,,,,,,,,2026-06-05T06:00:00+00:00,,,,,,,,,2026-06-05,20:00:00,06:00:00,10,32.0,25.0,0,Dormi 18:00 ate 06:00 = 10h. Sono restaurador. Q=10.,MANUAL,10.0,,,,,,,,,,,,,,,,,,,,,,,,,,,,,,,,,,,,,,,,,,,,,,,,,,,,,,,,,,,,,,,,,,,,,,,,,,,,,,,,,,
routine,rou_demo_03_00_2026_06_05,Acordar Sem Pressa,,,,,,,Recuperacao - Quinta Recuperacao,2026-06-05T06:00:00+00:00,false,,,,,,,,,,,,,,,,,,MANHA,ENTRY,06:00:00,06:30:00,true,"[0, 1, 2, 3, 4, 5, 6]",30,true,,,,,,,,,,,,,,,,,,,,,,,,,,,,,,,,,,,,,,,,,,,,,,,,,,,,,,,,,,,,,,,,,,,,,,,,,,
routine,rou_demo_03_01_2026_06_05,Refatoracao Leve,,,,,,,Recuperacao - Quinta Recuperacao,2026-06-05T06:30:00+00:00,false,,,,,,,,,,,,,,,,,,MANHA,CORE,06:30:00,08:00:00,true,"[0, 1, 2, 3, 4, 5, 6]",90,true,,,,,,,,,,,,,,,,,,,,,,,,,,,,,,,,,,,,,,,,,,,,,,,,,,,,,,,,,,,,,,,,,,,,,,,,,,
time_block,blk_demo_03_00_2026_06_05,,,,,,,,,2026-06-05T06:30:00+00:00,,,,,,,,,,,,,,,,,,,MANHA,,,,,,90,,Refatoracao Leve,2026-06-05T06:30:00+00:00,2026-06-05T08:00:00+00:00,,,,false,false,,,,,,,,,,,,,,,,,,,,,,,,,,,,,,,,,,,,,,,,,,,,,,,,,,,,,,,,,,,,,,,,,,
time_block,blk_demo_03_01_2026_06_05,,,,,,,,,2026-06-05T08:30:00+00:00,,,,,,,,,,,,,,,,,,,TARDE,,,,,,210,,Code Review Local,2026-06-05T08:30:00+00:00,2026-06-05T12:00:00+00:00,,,,true,false,,,,,,,,,,,,,,,,,,,,,,,,,,,,,,,,,,,,,,,,,,,,,,,,,,,,,,,,,,,,,,,,,,
routine_log,rlg_demo_03_00_2026_06_05,,,,,,,,,2026-06-05T22:00:00+00:00,,,,,,,,,2026-06-05,,,,,,,,,,MANHA,ENTRY,,,,,,,,,,rou_demo_03_00_2026_06_05,9,7,,,,Execucao automatica do cenario Recuperacao,4,true,false,,,,,,,,,,,,,,,,,,,,,,,,,,,,,,,,,,,,,,,,,,,,,,,,,,,,,,,,,,,,,
routine_log,rlg_demo_03_01_2026_06_05,,,,,,,,,2026-06-05T22:00:00+00:00,,,,,,,,,2026-06-05,,,,,,,,,,MANHA,CORE,,,,,,,,,,rou_demo_03_01_2026_06_05,7,5,,,,Execucao automatica do cenario Recuperacao,4,false,false,,,,,,,,,,,,,,,,,,,,,,,,,,,,,,,,,,,,,,,,,,,,,,,,,,,,,,,,,,,,,
journal_entry,jrn_demo_03_00_2026_06_05,,,,,,,,,2026-06-05T20:00:00+00:00,,,,,,,,,2026-06-05,,,,,,,,,,,,,,,,,,,,,,7,5,,,,,,,,,,,,"**RECUPERACAO**

Dormi 18h ate 4am = 10h. Q=10. Acordei restaurado. Energia 8.
Hoje: 2-3 pomodoros apenas.

---

**DIA SUAVE**

3 pomodoros. Nada forcado. Energia recuperada para amanha.","[""MANHA"", ""NOITE"", ""TARDE""]",[],[],[],[],"[""Descanso e produtividade armazenada."", ""Sono 10h = energia 8 imediata (vs 4h sono = energia 4).""]",3,5,5,2026-06-08T20:53:51.707710+00:00,,,,,,,,,,,,,,,,,,,,,,,,,,,,,,,,,,,,,,,,,,,,,,
pomodoro_round,pom_demo_03_00_2026_06_05,,,,,,,,,,,COMPLETE,,,,,,,,,,,,,,,,,,,,,,,,,,,,,,,,,,,,,,,,,,,,,,,,,,,,,1,2026-06-05T04:00:00+00:00,2026-06-05T05:00:00+00:00,0,60.0,true,false,,,,,,,,,,,,,,,,,,,,,,,,,,,,,,,,,,,,,,,
pomodoro_round,pom_demo_03_01_2026_06_05,,,,,,,,,,,COMPLETE,,,,,,,,,,,,,,,,,,,,,,,,,,,,,,,,,,,,,,,,,,,,,,,,,,,,,2,2026-06-05T05:00:00+00:00,2026-06-05T06:00:00+00:00,0,60.0,true,false,,,,,,,,,,,,,,,,,,,,,,,,,,,,,,,,,,,,,,,
day_context,ctx_2026_06_05,,,,,,,,,2026-06-05T04:00:00+00:00,,,,,,,,,2026-06-05,,,,,,,,,,,,,,,,,,,,,,,,,,,,,,,,,,,,,,,,,,,,,,,,,,,,,descanso,120,90,4,3,false,false,Recuperacao: Quinta Recuperacao,-30,75.0,,,,,,,,,,,,,,,,,,,,,,,,,,,,,
daily_reflection,ref_2026_06_05,,,,,,,,,2026-06-05T22:00:00+00:00,,,,,,,,,2026-06-05,,,,,,,,,,,,,,,,,,,,,,,,,,,,,,,,,,,,,,,,,,,,,,,,,,,,,,,,,,,,,,,"[""Ignorar sono de recuperacao""]","[""Acordar sem alarme apos sono longo""]","[""Dormir 18h apos dia hardcore""]",10h sono = corpo restaurado para a semana.,"[""Nada de extenuante. Recuperei a energia.""]","[""Quase forcei um pomodoro extra - parei no tempo.""]",Descanso e produtividade armazenada.,"[""Voltar ao padrao curso amanha""]",bom,,,,,,,,,,,,,,,,,,,,
lunch_record,lun_2026_06_05,,,,,,,,,2026-06-05T12:05:00+00:00,,,,,,,,,2026-06-05,,,,,,,,,,,,,,,,,,,,,,,,,,,,,,,,,,,,,,,,,,,,,,,,,,,,,,,,,,,,,,,,,,,,,,,,5,30,false,Almoco leve + leitura.,35,true,,,,,,,,,,,,,,
transicao,trn_t1_2026_06_05,,,,,,,,,2026-06-05T08:00:00+00:00,,,,,,,,,2026-06-05,,,,,,,,,,,,,,,,,,,,,,,,,,,,,,,,,,,,,,,,,,,,,,,,,,,,,,,,,,,,,,,,,,,,,,,,,,,,,,T1,HYDRATION,15,true,,,,,,,,,,
transicao,trn_t2_2026_06_05,,,,,,,,,2026-06-05T09:00:00+00:00,,,,,,,,,2026-06-05,,,,,,,,,,,,,,,,,,,,,,,,,,,,,,,,,,,,,,,,,,,,,,,,,,,,,,,,,,,,,,,,,,,,,,,,,,,,,,T2,MORNING,15,true,,,,,,,,,,
transicao,trn_t3_2026_06_05,,,,,,,,,2026-06-05T10:00:00+00:00,,,,,,,,,2026-06-05,,,,,,,,,,,,,,,,,,,,,,,,,,,,,,,,,,,,,,,,,,,,,,,,,,,,,,,,,,,,,,,,,,,,,,,,,,,,,,T3,MORNING,15,true,,,,,,,,,,
transicao,trn_t4_2026_06_05,,,,,,,,,2026-06-05T11:00:00+00:00,,,,,,,,,2026-06-05,,,,,,,,,,,,,,,,,,,,,,,,,,,,,,,,,,,,,,,,,,,,,,,,,,,,,,,,,,,,,,,,,,,,,,,,,,,,,,T4,MEDITATION,15,true,,,,,,,,,,
transicao,trn_t5_2026_06_05,,,,,,,,,2026-06-05T12:00:00+00:00,,,,,,,,,2026-06-05,,,,,,,,,,,,,,,,,,,,,,,,,,,,,,,,,,,,,,,,,,,,,,,,,,,,,,,,,,,,,,,,,,,,,,,,,,,,,,T5,MORNING,15,true,,,,,,,,,,
policy_decision,pol_demo_03_2026_06_05,,,,,,,,,2026-06-05T20:30:00+00:00,,MAINTAIN,,,,,,,2026-06-05,,,,,,,,,,,,,,,,,,,,,,,,,,,,,,,,,,,,,,,,,,,,,,,,,,,,,,,,,,,,,,,,,,,,,,,,,,,,,,,,,,INFO,Recuperacao OK. Manter ritmo leve.,"{""id"": ""set_a2a99fb904ae"", ""state"": ""MAINTAIN"", ""hardwork_budget_hours"": 6.0, ""max_pomodoros_per_day"": 8, ""sleep_target_hours"": 8.0, ""qhe_target"": 0.75, ""break_minutes"": 10, ""allowed_phases"": [""DEEP_WORK"", ""SHALLOW_WORK""], ""description"": ""MAINTAIN regime: steady cadence. 6h hard work, 8 pomodoros, sleep 8h, Q_HE target 0.75."", ""created_at"": ""2026-06-08 17:53:51.707794""}",1,,0.78,H,0,true,2026-06-05T20:30:00+00:00
sleep_record,sle_2026_06_06,,,,,,,,,2026-06-06T04:00:00+00:00,,,,,,,,,2026-06-06,20:30:00,04:00:00,8,24.0,21.0,0,Sono OK. Acordei no horario. Energia 8.,MANUAL,7.5,,,,,,,,,,,,,,,,,,,,,,,,,,,,,,,,,,,,,,,,,,,,,,,,,,,,,,,,,,,,,,,,,,,,,,,,,,,,,,,,,,
routine,rou_demo_04_00_2026_06_06,Despertar + Hidratacao,,,,,,,Lunch Estendido - Sexta Lunch Pesado,2026-06-06T04:00:00+00:00,false,,,,,,,,,,,,,,,,,,MANHA,ENTRY,04:00:00,04:20:00,true,"[0, 1, 2, 3, 4, 5, 6]",20,true,,,,,,,,,,,,,,,,,,,,,,,,,,,,,,,,,,,,,,,,,,,,,,,,,,,,,,,,,,,,,,,,,,,,,,,,,,
routine,rou_demo_04_01_2026_06_06,Deep Work Manha,,,,,,,Lunch Estendido - Sexta Lunch Pesado,2026-06-06T04:30:00+00:00,false,,,,,,,,,,,,,,,,,,MANHA,CORE,04:30:00,07:30:00,true,"[0, 1, 2, 3, 4, 5, 6]",180,true,,,,,,,,,,,,,,,,,,,,,,,,,,,,,,,,,,,,,,,,,,,,,,,,,,,,,,,,,,,,,,,,,,,,,,,,,,
time_block,blk_demo_04_00_2026_06_06,,,,,,,,,2026-06-06T04:30:00+00:00,,,,,,,,,,,,,,,,,,,MANHA,,,,,,180,,Deep Work Manha,2026-06-06T04:30:00+00:00,2026-06-06T07:30:00+00:00,,,,false,false,,,,,,,,,,,,,,,,,,,,,,,,,,,,,,,,,,,,,,,,,,,,,,,,,,,,,,,,,,,,,,,,,,
time_block,blk_demo_04_01_2026_06_06,,,,,,,,,2026-06-06T08:00:00+00:00,,,,,,,,,,,,,,,,,,,TARDE,,,,,,210,,Code Review,2026-06-06T08:00:00+00:00,2026-06-06T11:30:00+00:00,,,,true,false,,,,,,,,,,,,,,,,,,,,,,,,,,,,,,,,,,,,,,,,,,,,,,,,,,,,,,,,,,,,,,,,,,
routine_log,rlg_demo_04_00_2026_06_06,,,,,,,,,2026-06-06T22:00:00+00:00,,,,,,,,,2026-06-06,,,,,,,,,,MANHA,ENTRY,,,,,,,,,,rou_demo_04_00_2026_06_06,9,9,,,,Execucao automatica do cenario Lunch Estendido,4,true,false,,,,,,,,,,,,,,,,,,,,,,,,,,,,,,,,,,,,,,,,,,,,,,,,,,,,,,,,,,,,,
routine_log,rlg_demo_04_01_2026_06_06,,,,,,,,,2026-06-06T22:00:00+00:00,,,,,,,,,2026-06-06,,,,,,,,,,MANHA,CORE,,,,,,,,,,rou_demo_04_01_2026_06_06,7,7,,,,Execucao automatica do cenario Lunch Estendido,4,false,false,,,,,,,,,,,,,,,,,,,,,,,,,,,,,,,,,,,,,,,,,,,,,,,,,,,,,,,,,,,,,
ajuste_fino,adj_demo_04_00_2026_06_06,,,,,,,,,2026-06-06T20:00:00+00:00,,,,,,,,,2026-06-06,,,,,,,,,,TARDE,,,,,,,,,,,,,,,,,,,,,-30,Amanha: preparar almoco leve (frango + salada) ja na sexta a noite.,,,,,,,,,,,,,,,,,,,,,,,,,,,,,,,,,,,,,,,,,,,,,,,,,,,,,,,,,,,
journal_entry,jrn_demo_04_00_2026_06_06,,,,,,,,,2026-06-06T20:00:00+00:00,,,,,,,,,2026-06-06,,,,,,,,,,,,,,,,,,,,,,5,6,,,,,,,,,,,,"**ALERTA: ALMOCO PESADO HOJE**

Feijoada no almoco. Ja sei que vou cochilar. Vou antecipar: code review antes do almoco.

---

**COCHILO CONFIRMADO**

30min alem do orcado. Energia baixa 13-15h. Recuperei 15:30. Tarde reduzida.
Causa raiz: almoco pesado. Ajustar amanha.","[""MANHA"", ""NOITE"", ""TARDE""]",[],"[""Lunch extrapolou 35min (135min real, +100min alem). Infracao MEDIA.""]",[],[],"[""Almoco pesado = 30min cochilo garantido. Pre-vencao: almoco leve."", ""Code review antes do almoco = 1 round a mais no dia.""]",7,4,4,2026-06-08T20:53:51.707906+00:00,,,,,,,,,,,,,,,,,,,,,,,,,,,,,,,,,,,,,,,,,,,,,,
pomodoro_round,pom_demo_04_00_2026_06_06,,,,,,,,,,,COMPLETE,,,,,,,,,,,,,,,,,,,,,,,,,,,,,,,,,,,,,,,,,,,,,,,,,,,,,1,2026-06-06T04:00:00+00:00,2026-06-06T05:00:00+00:00,0,60.0,true,false,,,,,,,,,,,,,,,,,,,,,,,,,,,,,,,,,,,,,,,
pomodoro_round,pom_demo_04_01_2026_06_06,,,,,,,,,,,COMPLETE,,,,,,,,,,,,,,,,,,,,,,,,,,,,,,,,,,,,,,,,,,,,,,,,,,,,,2,2026-06-06T05:00:00+00:00,2026-06-06T06:00:00+00:00,0,60.0,true,false,,,,,,,,,,,,,,,,,,,,,,,,,,,,,,,,,,,,,,,
day_context,ctx_2026_06_06,,,,,,,,,2026-06-06T04:00:00+00:00,,,,,,,,,2026-06-06,,,,,,,,,,,,,,,,,,,,,,,,,,,,,,,,,,,,,,,,,,,,,,,,,,,,,curso,240,210,8,7,true,false,Lunch Estendido: Sexta Lunch Pesado,-30,87.5,,,,,,,,,,,,,,,,,,,,,,,,,,,,,
daily_reflection,ref_2026_06_06,,,,,,,,,2026-06-06T22:00:00+00:00,,,,,,,,,2026-06-06,,,,,,,,,,,,,,,,,,,,,,,,,,,,,,,,,,,,,,,,,,,,,,,,,,,,,,,,,,,,,,,"[""Almoco pesado antes de dia de foco""]","[""Refeicao leve ao meio dia""]","[""Agua antes do almoco""]",Reconhecer o risco de almoco pesado antes do periodo de foco.,"[""Cumpri code review mesmo com cochilo""]","[""Cochilo de 30min alem do orcado. Requer ajuste.""]",Almoco pesado custa 30min de produtividade + energia por 2h.,"[""Preparar almoco mais leve sabado (frango + salada)""]",regular,,,,,,,,,,,,,,,,,,,,
lunch_record,lun_2026_06_06,,,,,,,,,2026-06-06T12:45:00+00:00,,,,,,,,,2026-06-06,,,,,,,,,,,,,,,,,,,,,,,,,,,,,,,,,,,,,,,,,,,,,,,,,,,,,,,,,,,,,,,,,,,,,,,,45,90,true,Feijoada pesada. Cochilei 30min alem do orcado. 135min total.,135,false,,,,,,,,,,,,,,
transicao,trn_t1_2026_06_06,,,,,,,,,2026-06-06T08:00:00+00:00,,,,,,,,,2026-06-06,,,,,,,,,,,,,,,,,,,,,,,,,,,,,,,,,,,,,,,,,,,,,,,,,,,,,,,,,,,,,,,,,,,,,,,,,,,,,,T1,HYDRATION,15,true,,,,,,,,,,
transicao,trn_t2_2026_06_06,,,,,,,,,2026-06-06T09:00:00+00:00,,,,,,,,,2026-06-06,,,,,,,,,,,,,,,,,,,,,,,,,,,,,,,,,,,,,,,,,,,,,,,,,,,,,,,,,,,,,,,,,,,,,,,,,,,,,,T2,MORNING,15,true,,,,,,,,,,
transicao,trn_t3_2026_06_06,,,,,,,,,2026-06-06T10:00:00+00:00,,,,,,,,,2026-06-06,,,,,,,,,,,,,,,,,,,,,,,,,,,,,,,,,,,,,,,,,,,,,,,,,,,,,,,,,,,,,,,,,,,,,,,,,,,,,,T3,MORNING,15,true,,,,,,,,,,
transicao,trn_t4_2026_06_06,,,,,,,,,2026-06-06T11:00:00+00:00,,,,,,,,,2026-06-06,,,,,,,,,,,,,,,,,,,,,,,,,,,,,,,,,,,,,,,,,,,,,,,,,,,,,,,,,,,,,,,,,,,,,,,,,,,,,,T4,MEDITATION,15,true,,,,,,,,,,
transicao,trn_t5_2026_06_06,,,,,,,,,2026-06-06T12:00:00+00:00,,,,,,,,,2026-06-06,,,,,,,,,,,,,,,,,,,,,,,,,,,,,,,,,,,,,,,,,,,,,,,,,,,,,,,,,,,,,,,,,,,,,,,,,,,,,,T5,MORNING,15,true,,,,,,,,,,
policy_decision,pol_demo_04_2026_06_06,,,,,,,,,2026-06-06T20:30:00+00:00,,REDUCE,,,,,,,2026-06-06,,,,,,,,,,,,,,,,,,,,,,,,,,,,,,,,,,,,,,,,,,,,,,,,,,,,,,,,,,,,,,,,,,,,,,,,,,,,,,,,,,WARNING,Lunch pesado causou perda de 30min. Ajustar refeicoes.,"{""id"": ""set_3be2a60fb05e"", ""state"": ""REDUCE"", ""hardwork_budget_hours"": 4.0, ""max_pomodoros_per_day"": 5, ""sleep_target_hours"": 8.0, ""qhe_target"": 0.65, ""break_minutes"": 15, ""allowed_phases"": [""SHALLOW_WORK"", ""RECOVERY""], ""description"": ""REDUCE regime: protect recovery. 4h hard work, 5 pomodoros, sleep 8h, Q_HE target 0.65."", ""created_at"": ""2026-06-08 17:53:51.707996""}",1,,0.55,H,1,true,2026-06-06T20:30:00+00:00
sleep_record,sle_2026_06_07,,,,,,,,,2026-06-07T05:00:00+00:00,,,,,,,,,2026-06-07,21:00:00,05:00:00,9,28.0,22.0,0,Sono otimo. Acordei antes do alarme.,MANUAL,8.0,,,,,,,,,,,,,,,,,,,,,,,,,,,,,,,,,,,,,,,,,,,,,,,,,,,,,,,,,,,,,,,,,,,,,,,,,,,,,,,,,,
routine,rou_demo_05_00_2026_06_07,Acordar + Cafe da Cama,,,,,,,Fim de Semana - Sabado Livre,2026-06-07T05:00:00+00:00,false,,,,,,,,,,,,,,,,,,MANHA,ENTRY,05:00:00,05:20:00,true,"[0, 1, 2, 3, 4, 5, 6]",20,true,,,,,,,,,,,,,,,,,,,,,,,,,,,,,,,,,,,,,,,,,,,,,,,,,,,,,,,,,,,,,,,,,,,,,,,,,,
routine,rou_demo_05_01_2026_06_07,Meditacao + Alongamento,,,,,,,Fim de Semana - Sabado Livre,2026-06-07T05:20:00+00:00,false,,,,,,,,,,,,,,,,,,MANHA,ENTRY,05:20:00,05:50:00,true,"[0, 1, 2, 3, 4, 5, 6]",30,true,,,,,,,,,,,,,,,,,,,,,,,,,,,,,,,,,,,,,,,,,,,,,,,,,,,,,,,,,,,,,,,,,,,,,,,,,,
time_block,blk_demo_05_00_2026_06_07,,,,,,,,,2026-06-07T06:00:00+00:00,,,,,,,,,,,,,,,,,,,MANHA,,,,,,300,,Deep Work - Side Project OSS,2026-06-07T06:00:00+00:00,2026-06-07T11:00:00+00:00,,,,false,false,,,,,,,,,,,,,,,,,,,,,,,,,,,,,,,,,,,,,,,,,,,,,,,,,,,,,,,,,,,,,,,,,,
time_block,blk_demo_05_01_2026_06_07,,,,,,,,,2026-06-07T12:00:00+00:00,,,,,,,,,,,,,,,,,,,TARDE,,,,,,60,,Almoco + Familia,2026-06-07T12:00:00+00:00,2026-06-07T13:00:00+00:00,,,,true,false,,,,,,,,,,,,,,,,,,,,,,,,,,,,,,,,,,,,,,,,,,,,,,,,,,,,,,,,,,,,,,,,,,
routine_log,rlg_demo_05_00_2026_06_07,,,,,,,,,2026-06-07T22:00:00+00:00,,,,,,,,,2026-06-07,,,,,,,,,,MANHA,ENTRY,,,,,,,,,,rou_demo_05_00_2026_06_07,10,10,,,,Execucao automatica do cenario Fim de Semana,4,true,false,,,,,,,,,,,,,,,,,,,,,,,,,,,,,,,,,,,,,,,,,,,,,,,,,,,,,,,,,,,,,
routine_log,rlg_demo_05_01_2026_06_07,,,,,,,,,2026-06-07T22:00:00+00:00,,,,,,,,,2026-06-07,,,,,,,,,,MANHA,ENTRY,,,,,,,,,,rou_demo_05_01_2026_06_07,8,8,,,,Execucao automatica do cenario Fim de Semana,4,true,false,,,,,,,,,,,,,,,,,,,,,,,,,,,,,,,,,,,,,,,,,,,,,,,,,,,,,,,,,,,,,
journal_entry,jrn_demo_05_00_2026_06_07,,,,,,,,,2026-06-07T20:00:00+00:00,,,,,,,,,2026-06-07,,,,,,,,,,,,,,,,,,,,,,8,8,,,,,,,,,,,,"**FIM DE SEMANA**

Sabado. Sem curso. Maxima produtividade: side project + features.
Energia 9, foco 9.

---

**DIA PERFEITO**

8 pomodoros. Side project + features. Caminhada com sol. Jantar em familia. Recarregado.","[""MANHA"", ""NOITE"", ""TARDE""]",[],[],[],[],"[""Fim de semana pode ser 100% produtivo E recarregante."", ""Caminhada 17h = quebra natural + beneficio fisico.""]",8,5,5,2026-06-08T20:53:51.708096+00:00,,,,,,,,,,,,,,,,,,,,,,,,,,,,,,,,,,,,,,,,,,,,,,
pomodoro_round,pom_demo_05_00_2026_06_07,,,,,,,,,,,COMPLETE,,,,,,,,,,,,,,,,,,,,,,,,,,,,,,,,,,,,,,,,,,,,,,,,,,,,,1,2026-06-07T04:00:00+00:00,2026-06-07T05:00:00+00:00,0,60.0,true,false,,,,,,,,,,,,,,,,,,,,,,,,,,,,,,,,,,,,,,,
pomodoro_round,pom_demo_05_01_2026_06_07,,,,,,,,,,,COMPLETE,,,,,,,,,,,,,,,,,,,,,,,,,,,,,,,,,,,,,,,,,,,,,,,,,,,,,2,2026-06-07T05:00:00+00:00,2026-06-07T06:00:00+00:00,0,60.0,true,false,,,,,,,,,,,,,,,,,,,,,,,,,,,,,,,,,,,,,,,
day_context,ctx_2026_06_07,,,,,,,,,2026-06-07T04:00:00+00:00,,,,,,,,,2026-06-07,,,,,,,,,,,,,,,,,,,,,,,,,,,,,,,,,,,,,,,,,,,,,,,,,,,,,livre,540,480,9,8,false,false,Fim de Semana: Sabado Livre,-60,88.88888888888889,,,,,,,,,,,,,,,,,,,,,,,,,,,,,
daily_reflection,ref_2026_06_07,,,,,,,,,2026-06-07T22:00:00+00:00,,,,,,,,,2026-06-07,,,,,,,,,,,,,,,,,,,,,,,,,,,,,,,,,,,,,,,,,,,,,,,,,,,,,,,,,,,,,,,"[""Work no fim de semana sem objetivo""]","[""Side project no sabado de manha""]","[""Caminhada no parque 17h""]",Sabado e o dia de maxima produtividade E recarga emocional.,"[""Contribuicao OSS aceita"", ""Feature nova implementada""]","[""Quase pulei a caminhada - deu pra encaixar""]",Fim de semana produtivo + recarga emocional = segunda com tanque cheio.,"[""Domingo: preparacao completa para semana""]",bom,,,,,,,,,,,,,,,,,,,,
lunch_record,lun_2026_06_07,,,,,,,,,2026-06-07T12:05:00+00:00,,,,,,,,,2026-06-07,,,,,,,,,,,,,,,,,,,,,,,,,,,,,,,,,,,,,,,,,,,,,,,,,,,,,,,,,,,,,,,,,,,,,,,,5,30,false,Salada + proteina.,35,true,,,,,,,,,,,,,,
transicao,trn_t1_2026_06_07,,,,,,,,,2026-06-07T08:00:00+00:00,,,,,,,,,2026-06-07,,,,,,,,,,,,,,,,,,,,,,,,,,,,,,,,,,,,,,,,,,,,,,,,,,,,,,,,,,,,,,,,,,,,,,,,,,,,,,T1,HYDRATION,15,true,,,,,,,,,,
transicao,trn_t2_2026_06_07,,,,,,,,,2026-06-07T09:00:00+00:00,,,,,,,,,2026-06-07,,,,,,,,,,,,,,,,,,,,,,,,,,,,,,,,,,,,,,,,,,,,,,,,,,,,,,,,,,,,,,,,,,,,,,,,,,,,,,T2,MORNING,15,true,,,,,,,,,,
transicao,trn_t3_2026_06_07,,,,,,,,,2026-06-07T10:00:00+00:00,,,,,,,,,2026-06-07,,,,,,,,,,,,,,,,,,,,,,,,,,,,,,,,,,,,,,,,,,,,,,,,,,,,,,,,,,,,,,,,,,,,,,,,,,,,,,T3,MORNING,15,true,,,,,,,,,,
transicao,trn_t4_2026_06_07,,,,,,,,,2026-06-07T11:00:00+00:00,,,,,,,,,2026-06-07,,,,,,,,,,,,,,,,,,,,,,,,,,,,,,,,,,,,,,,,,,,,,,,,,,,,,,,,,,,,,,,,,,,,,,,,,,,,,,T4,MEDITATION,15,true,,,,,,,,,,
transicao,trn_t5_2026_06_07,,,,,,,,,2026-06-07T12:00:00+00:00,,,,,,,,,2026-06-07,,,,,,,,,,,,,,,,,,,,,,,,,,,,,,,,,,,,,,,,,,,,,,,,,,,,,,,,,,,,,,,,,,,,,,,,,,,,,,T5,MORNING,15,true,,,,,,,,,,
policy_decision,pol_demo_05_2026_06_07,,,,,,,,,2026-06-07T20:30:00+00:00,,PUSH,,,,,,,2026-06-07,,,,,,,,,,,,,,,,,,,,,,,,,,,,,,,,,,,,,,,,,,,,,,,,,,,,,,,,,,,,,,,,,,,,,,,,,,,,,,,,,,INFO,Sabado excelente. QHE alto. Manter.,"{""id"": ""set_efa18e800ffc"", ""state"": ""PUSH"", ""hardwork_budget_hours"": 8.0, ""max_pomodoros_per_day"": 10, ""sleep_target_hours"": 7.0, ""qhe_target"": 0.85, ""break_minutes"": 10, ""allowed_phases"": [""DEEP_WORK"", ""SHALLOW_WORK""], ""description"": ""PUSH regime: maximum focus. 8h hard work, 10 pomodoros, sleep 7h, Q_HE target 0.85."", ""created_at"": ""2026-06-08 17:53:51.708181""}",1,,0.92,H,0,true,2026-06-07T20:30:00+00:00
sleep_record,sle_2026_06_08,,,,,,,,,2026-06-08T05:00:00+00:00,,,,,,,,,2026-06-08,20:00:00,05:00:00,9,27.0,23.0,1,Sono otimo. Acordei 1x durante a noite (vizinho).,MANUAL,9.0,,,,,,,,,,,,,,,,,,,,,,,,,,,,,,,,,,,,,,,,,,,,,,,,,,,,,,,,,,,,,,,,,,,,,,,,,,,,,,,,,,
routine,rou_demo_06_00_2026_06_08,Acordar + Meditacao,,,,,,,Interrupcao Social - Domingo Visita Inesperada,2026-06-08T05:00:00+00:00,false,,,,,,,,,,,,,,,,,,MANHA,ENTRY,05:00:00,05:30:00,true,"[0, 1, 2, 3, 4, 5, 6]",30,true,,,,,,,,,,,,,,,,,,,,,,,,,,,,,,,,,,,,,,,,,,,,,,,,,,,,,,,,,,,,,,,,,,,,,,,,,,
routine,rou_demo_06_01_2026_06_08,Deep Work - Preparacao Semana,,,,,,,Interrupcao Social - Domingo Visita Inesperada,2026-06-08T05:30:00+00:00,false,,,,,,,,,,,,,,,,,,MANHA,CORE,05:30:00,08:00:00,true,"[0, 1, 2, 3, 4, 5, 6]",150,true,,,,,,,,,,,,,,,,,,,,,,,,,,,,,,,,,,,,,,,,,,,,,,,,,,,,,,,,,,,,,,,,,,,,,,,,,,
time_block,blk_demo_06_00_2026_06_08,,,,,,,,,2026-06-08T05:30:00+00:00,,,,,,,,,,,,,,,,,,,MANHA,,,,,,150,,Deep Work - Preparacao Semana,2026-06-08T05:30:00+00:00,2026-06-08T08:00:00+00:00,,,,false,false,,,,,,,,,,,,,,,,,,,,,,,,,,,,,,,,,,,,,,,,,,,,,,,,,,,,,,,,,,,,,,,,,,
time_block,blk_demo_06_01_2026_06_08,,,,,,,,,2026-06-08T08:30:00+00:00,,,,,,,,,,,,,,,,,,,TARDE,,,,,,210,,Deep Work - Review do Plano,2026-06-08T08:30:00+00:00,2026-06-08T12:00:00+00:00,,,,true,false,,,,,,,,,,,,,,,,,,,,,,,,,,,,,,,,,,,,,,,,,,,,,,,,,,,,,,,,,,,,,,,,,,
routine_log,rlg_demo_06_00_2026_06_08,,,,,,,,,2026-06-08T22:00:00+00:00,,,,,,,,,2026-06-08,,,,,,,,,,MANHA,ENTRY,,,,,,,,,,rou_demo_06_00_2026_06_08,10,10,,,,Execucao automatica do cenario Interrupcao Social,4,true,false,,,,,,,,,,,,,,,,,,,,,,,,,,,,,,,,,,,,,,,,,,,,,,,,,,,,,,,,,,,,,
routine_log,rlg_demo_06_01_2026_06_08,,,,,,,,,2026-06-08T22:00:00+00:00,,,,,,,,,2026-06-08,,,,,,,,,,MANHA,CORE,,,,,,,,,,rou_demo_06_01_2026_06_08,8,8,,,,Execucao automatica do cenario Interrupcao Social,4,false,false,,,,,,,,,,,,,,,,,,,,,,,,,,,,,,,,,,,,,,,,,,,,,,,,,,,,,,,,,,,,,
ajuste_fino,adj_demo_06_00_2026_06_08,,,,,,,,,2026-06-08T20:00:00+00:00,,,,,,,,,2026-06-08,,,,,,,,,,NOITE,,,,,,,,,,,,,,,,,,,,,-60,Ajustar jantar para 17:30 quando ha visita no domingo.,,,,,,,,,,,,,,,,,,,,,,,,,,,,,,,,,,,,,,,,,,,,,,,,,,,,,,,,,,,
journal_entry,jrn_demo_06_00_2026_06_08,,,,,,,,,2026-06-08T20:00:00+00:00,,,,,,,,,2026-06-08,,,,,,,,,,,,,,,,,,,,,,7,6,,,,,,,,,,,,"**PLANO DA SEMANA**

Domingo. Revisar tarefas da semana. Organizar Taskwarrior. Energia 9, foco 9.

---

**VISITA INESPERADA**

Amigo chegou 12h. Almoco + cafe ate 14:30. Retomei 14:30-16h. Jantar 19h (luz azul apos 18h).
Nao destruiu o dia. Adaptei.","[""MANHA"", ""NOITE"", ""TARDE""]",[],"[""Visita inesperada roubou 2h30 de trabalho. (Imprevisto social, sem infracao)."", ""Jantar 19h = luz azul 1h apos 18h. Infracao LEVE.""]",[],[],"[""Imprevistos sociais sao faceis de absorver com plano previo."", ""Perder 2h30 nao significa perder o dia - retomar sempre vale a pena.""]",7,5,5,2026-06-08T20:53:51.708285+00:00,,,,,,,,,,,,,,,,,,,,,,,,,,,,,,,,,,,,,,,,,,,,,,
pomodoro_round,pom_demo_06_00_2026_06_08,,,,,,,,,,,COMPLETE,,,,,,,,,,,,,,,,,,,,,,,,,,,,,,,,,,,,,,,,,,,,,,,,,,,,,1,2026-06-08T04:00:00+00:00,2026-06-08T05:00:00+00:00,0,60.0,true,false,,,,,,,,,,,,,,,,,,,,,,,,,,,,,,,,,,,,,,,
pomodoro_round,pom_demo_06_01_2026_06_08,,,,,,,,,,,COMPLETE,,,,,,,,,,,,,,,,,,,,,,,,,,,,,,,,,,,,,,,,,,,,,,,,,,,,,2,2026-06-08T05:00:00+00:00,2026-06-08T06:00:00+00:00,0,60.0,true,false,,,,,,,,,,,,,,,,,,,,,,,,,,,,,,,,,,,,,,,
day_context,ctx_2026_06_08,,,,,,,,,2026-06-08T04:00:00+00:00,,,,,,,,,2026-06-08,,,,,,,,,,,,,,,,,,,,,,,,,,,,,,,,,,,,,,,,,,,,,,,,,,,,,livre,540,420,9,7,false,false,Interrupcao Social: Domingo Visita Inesperada,-120,77.77777777777779,,,,,,,,,,,,,,,,,,,,,,,,,,,,,
daily_reflection,ref_2026_06_08,,,,,,,,,2026-06-08T22:00:00+00:00,,,,,,,,,2026-06-08,,,,,,,,,,,,,,,,,,,,,,,,,,,,,,,,,,,,,,,,,,,,,,,,,,,,,,,,,,,,,,,"[""Reclamar de visitas - faz parte da vida""]","[""Soneca/meditacao 30min antes de comecar""]","[""Plano da semana no domingo de manha""]",Visita inesperada nao destruiu o dia - adaptei e continuei.,"[""Adaptei o plano. Recuperei 14:30.""]","[""Jantar 19h = luz azul apos 18h. Infracao LEVE.""]",Visitas sao parte da vida. Perder 2h nao e perder o dia.,"[""Reflexao: como evitar visitas surpresa no domingo?""]",bom,,,,,,,,,,,,,,,,,,,,
lunch_record,lun_2026_06_08,,,,,,,,,2026-06-08T12:10:00+00:00,,,,,,,,,2026-06-08,,,,,,,,,,,,,,,,,,,,,,,,,,,,,,,,,,,,,,,,,,,,,,,,,,,,,,,,,,,,,,,,,,,,,,,,10,35,false,Almoco com visita (amigo veio). Mais longo que o normal.,45,false,,,,,,,,,,,,,,
transicao,trn_t1_2026_06_08,,,,,,,,,2026-06-08T08:00:00+00:00,,,,,,,,,2026-06-08,,,,,,,,,,,,,,,,,,,,,,,,,,,,,,,,,,,,,,,,,,,,,,,,,,,,,,,,,,,,,,,,,,,,,,,,,,,,,,T1,HYDRATION,15,true,,,,,,,,,,
transicao,trn_t2_2026_06_08,,,,,,,,,2026-06-08T09:00:00+00:00,,,,,,,,,2026-06-08,,,,,,,,,,,,,,,,,,,,,,,,,,,,,,,,,,,,,,,,,,,,,,,,,,,,,,,,,,,,,,,,,,,,,,,,,,,,,,T2,MORNING,15,true,,,,,,,,,,
transicao,trn_t3_2026_06_08,,,,,,,,,2026-06-08T10:00:00+00:00,,,,,,,,,2026-06-08,,,,,,,,,,,,,,,,,,,,,,,,,,,,,,,,,,,,,,,,,,,,,,,,,,,,,,,,,,,,,,,,,,,,,,,,,,,,,,T3,MORNING,15,true,,,,,,,,,,
transicao,trn_t4_2026_06_08,,,,,,,,,2026-06-08T11:00:00+00:00,,,,,,,,,2026-06-08,,,,,,,,,,,,,,,,,,,,,,,,,,,,,,,,,,,,,,,,,,,,,,,,,,,,,,,,,,,,,,,,,,,,,,,,,,,,,,T4,MEDITATION,15,true,,,,,,,,,,
transicao,trn_t5_2026_06_08,,,,,,,,,2026-06-08T12:00:00+00:00,,,,,,,,,2026-06-08,,,,,,,,,,,,,,,,,,,,,,,,,,,,,,,,,,,,,,,,,,,,,,,,,,,,,,,,,,,,,,,,,,,,,,,,,,,,,,T5,MORNING,15,true,,,,,,,,,,
policy_decision,pol_demo_06_2026_06_08,,,,,,,,,2026-06-08T20:30:00+00:00,,MAINTAIN,,,,,,,2026-06-08,,,,,,,,,,,,,,,,,,,,,,,,,,,,,,,,,,,,,,,,,,,,,,,,,,,,,,,,,,,,,,,,,,,,,,,,,,,,,,,,,,INFO,Domingo OK. Visita absorvida sem grandes perdas.,"{""id"": ""set_70876e6d4249"", ""state"": ""MAINTAIN"", ""hardwork_budget_hours"": 6.0, ""max_pomodoros_per_day"": 8, ""sleep_target_hours"": 8.0, ""qhe_target"": 0.75, ""break_minutes"": 10, ""allowed_phases"": [""DEEP_WORK"", ""SHALLOW_WORK""], ""description"": ""MAINTAIN regime: steady cadence. 6h hard work, 8 pomodoros, sleep 8h, Q_HE target 0.75."", ""created_at"": ""2026-06-08 17:53:51.708374""}",1,,0.78,H,2,true,2026-06-08T20:30:00+00:00
