entity_type,id,name,category,resistance,lambda_learning,weight_in_qhe,frequency,target_streak,description,created_at,archived,state,hardwork_budget_hours,max_pomodoros_per_day,sleep_target_hours,qhe_target,break_minutes,allowed_phases,date,bedtime,wake_time,quality_score,deep_sleep_pct,rem_sleep_pct,interruptions,notes,source,duration_hours,label,start,end,period,routine_id,energia_nivel,foco_nivel,duration_minutes,overlaps_period,has_routine_link,block_id,routine_type,text,humor,is_entry_routine,is_exit_routine,entry_text,periods_covered,routines_completed,desvios,ajustes_finos,rotinas_logs,licoes_aprendidas,pomodoros_completos,humor_morning,humor_evening,updated_at,round_number,started_at,completed_at,paused_duration_seconds,actual_duration_minutes,is_focus_round,is_break_round,tipo_dia,hardwork_orcado_min,hardwork_realizado_min,pomodoros_meta,pomodoros_realizados,tem_curso,tem_deadline,observacoes,desvio_min,produtividade_pct,parar_de_fazer,repetir,sempre_fazer,big_win,deu_certo,deu_errado,maior_aprendizado,ajustes_para_amanha,estado_geral,eat_min,rest_min,pesado,notas,duracao_total,within_budget,codigo,ritual,duracao_min,completed,severity,rationale,setpoints,days_in_state,previous_state,qhe_input,energy_input,infraction_count,applied,applied_at,minutos,reason,block_id_before,block_id_after
habit,hab_syn_beber_agua,Beber 2L Agua,physiological,2.0,0.093,0.8,DAILY,30,Synthetic habit (target streak 30).,2026-06-08T00:00:00+00:00,false,,,,,,,,,,,,,,,,,,,,,,,,,,,,,,,,,,,,,,,,,,,,,,,,,,,,,,,,,,,,,,,,,,,,,,,,,,,,,,,,,,,,,,,,,,,,,,
habit,hab_syn_meditar,Meditar 10min,ritual,3.0,0.093,0.6,DAILY,14,Synthetic habit (target streak 14).,2026-06-08T00:00:00+00:00,false,,,,,,,,,,,,,,,,,,,,,,,,,,,,,,,,,,,,,,,,,,,,,,,,,,,,,,,,,,,,,,,,,,,,,,,,,,,,,,,,,,,,,,,,,,,,,,
habit,hab_syn_alongar,Alongamento Matinal,physiological,4.0,0.093,0.5,DAILY,21,Synthetic habit (target streak 21).,2026-06-08T00:00:00+00:00,false,,,,,,,,,,,,,,,,,,,,,,,,,,,,,,,,,,,,,,,,,,,,,,,,,,,,,,,,,,,,,,,,,,,,,,,,,,,,,,,,,,,,,,,,,,,,,,
habit,hab_syn_ler_tec,Ler 30min Tecnico,cognitive,5.0,0.093,0.7,DAILY,7,Synthetic habit (target streak 7).,2026-06-08T00:00:00+00:00,false,,,,,,,,,,,,,,,,,,,,,,,,,,,,,,,,,,,,,,,,,,,,,,,,,,,,,,,,,,,,,,,,,,,,,,,,,,,,,,,,,,,,,,,,,,,,,,
habit,hab_syn_caminhar,Caminhada 20min,physiological,4.0,0.093,0.4,WEEKLY,4,Synthetic habit (target streak 4).,2026-06-08T00:00:00+00:00,false,,,,,,,,,,,,,,,,,,,,,,,,,,,,,,,,,,,,,,,,,,,,,,,,,,,,,,,,,,,,,,,,,,,,,,,,,,,,,,,,,,,,,,,,,,,,,,
habit,hab_syn_familia,Ligar Familia,social,6.0,0.093,0.3,WEEKLY,3,Synthetic habit (target streak 3).,2026-06-08T00:00:00+00:00,false,,,,,,,,,,,,,,,,,,,,,,,,,,,,,,,,,,,,,,,,,,,,,,,,,,,,,,,,,,,,,,,,,,,,,,,,,,,,,,,,,,,,,,,,,,,,,,
habit,hab_syn_diario,Escrever Diario,creative,3.0,0.093,0.4,DAILY,10,Synthetic habit (target streak 10).,2026-06-08T00:00:00+00:00,false,,,,,,,,,,,,,,,,,,,,,,,,,,,,,,,,,,,,,,,,,,,,,,,,,,,,,,,,,,,,,,,,,,,,,,,,,,,,,,,,,,,,,,,,,,,,,,
habit,hab_syn_planejar,Planejar Amanha,ritual,1.0,0.093,0.9,DAILY,30,Synthetic habit (target streak 30).,2026-06-08T00:00:00+00:00,false,,,,,,,,,,,,,,,,,,,,,,,,,,,,,,,,,,,,,,,,,,,,,,,,,,,,,,,,,,,,,,,,,,,,,,,,,,,,,,,,,,,,,,,,,,,,,,
policy_setpoints,set_syn_push,,,,,,,,PUSH synthetic.,2026-06-08T00:00:00+00:00,,PUSH,8.0,10,7.0,0.85,10,"[""DEEP_WORK"", ""SHALLOW_WORK""]",,,,,,,,,,,,,,,,,,,,,,,,,,,,,,,,,,,,,,,,,,,,,,,,,,,,,,,,,,,,,,,,,,,,,,,,,,,,,,,,,,,,,,,
policy_setpoints,set_syn_maintain,,,,,,,,MAINTAIN synthetic.,2026-06-08T00:00:00+00:00,,MAINTAIN,6.0,8,8.0,0.75,10,"[""DEEP_WORK"", ""SHALLOW_WORK""]",,,,,,,,,,,,,,,,,,,,,,,,,,,,,,,,,,,,,,,,,,,,,,,,,,,,,,,,,,,,,,,,,,,,,,,,,,,,,,,,,,,,,,,
policy_setpoints,set_syn_recover,,,,,,,,RECOVER synthetic.,2026-06-08T00:00:00+00:00,,RECOVER,2.0,2,9.0,0.5,20,"[""RECOVERY""]",,,,,,,,,,,,,,,,,,,,,,,,,,,,,,,,,,,,,,,,,,,,,,,,,,,,,,,,,,,,,,,,,,,,,,,,,,,,,,,,,,,,,,,
sleep_record,sle_2026_05_04,,,,,,,,,2026-05-04T04:09:00+00:00,,,,,,,,,2026-05-04,20:59:00,04:09:00,9,20.772615834809258,22.015162522896908,2,Sono normal.,MANUAL,7.166666666666667,,,,,,,,,,,,,,,,,,,,,,,,,,,,,,,,,,,,,,,,,,,,,,,,,,,,,,,,,,,,,,,,,,,,,,,,,,,,,
time_block,blk_demo_135_00_2026_05_04,,,,,,,,,2026-05-04T04:30:00+00:00,,,,,,,,,,,,,,,,,,,Deep Work,2026-05-04T04:30:00+00:00,2026-05-04T08:00:00+00:00,MANHA,,,,210,false,false,,,,,,,,,,,,,,,,,,,,,,,,,,,,,,,,,,,,,,,,,,,,,,,,,,,,,,,,,,,,,,,,,,,
routine_log,rlg_demo_135_00_2026_05_04,,,,,,,,,2026-05-04T22:00:00+00:00,,,,,,,,,2026-05-04,,,,,,,,,,,,,MANHA,rou_syn_135_2026_05_04,8,9,,,,,ENTRY,Rotina automatica (off=35),4,true,false,,,,,,,,,,,,,,,,,,,,,,,,,,,,,,,,,,,,,,,,,,,,,,,,,,,,,,,,,,,,,
journal_entry,jrn_demo_135_00_2026_05_04,,,,,,,,,2026-05-04T20:00:00+00:00,,,,,,,,,2026-05-04,,,,,,,,,,,,,,,7,8,,,,,,,,,,Dia off=35. Tipo curso. Energia 7/10. Foco 8/10. 8/8 pomodoros.,"[""MANHA"", ""NOITE"", ""TARDE""]",[],[],[],[],[],8,3,3,2026-06-08T20:53:51.711561+00:00,,,,,,,,,,,,,,,,,,,,,,,,,,,,,,,,,,,,,,,,,,,,,,,,,,
pomodoro_round,pom_demo_135_00_2026_05_04,,,,,,,,,,,COMPLETE,,,,,,,,,,,,,,,,,,,,,,,,,,,,,,,,,,,,,,,,,,,,1,2026-05-04T04:00:00+00:00,2026-05-04T05:00:00+00:00,0,60.0,true,false,,,,,,,,,,,,,,,,,,,,,,,,,,,,,,,,,,,,,,,,,,,
day_context,ctx_2026_05_04,,,,,,,,,2026-05-04T04:00:00+00:00,,,,,,,,,2026-05-04,,,,,,,,,,,,,,,,,,,,,,,,,,,,,,,,,,,,,,,,,,,,curso,240,180,8,8,true,false,Synthetic off=35,-60,75.0,,,,,,,,,,,,,,,,,,,,,,,,,,,,,,,,,
daily_reflection,ref_2026_05_04,,,,,,,,,2026-05-04T22:00:00+00:00,,,,,,,,,2026-05-04,,,,,,,,,,,,,,,,,,,,,,,,,,,,,,,,,,,,,,,,,,,,,,,,,,,,,,[],"[""Hidratar ao acordar""]","[""Meditacao matinal""]",,"[""Completou 8/8 pomodoros""]",[],Aprendizado do dia off=35.,[],bom,,,,,,,,,,,,,,,,,,,,,,,,
lunch_record,lun_2026_05_04,,,,,,,,,2026-05-04T12:05:00+00:00,,,,,,,,,2026-05-04,,,,,,,,,,,,,,,,,,,,,,,,,,,,,,,,,,,,,,,,,,,,,,,,,,,,,,,,,,,,,,,5,30,false,Almoco normal.,35,true,,,,,,,,,,,,,,,,,,
transicao,trn_t1_2026_05_04,,,,,,,,,2026-05-04T08:00:00+00:00,,,,,,,,,2026-05-04,,,,,,,,,,,,,,,,,,,,,,,,,,,,,,,,,,,,,,,,,,,,,,,,,,,,,,,,,,,,,,,,,,,,,T1,HYDRATION,15,true,,,,,,,,,,,,,,
transicao,trn_t2_2026_05_04,,,,,,,,,2026-05-04T09:00:00+00:00,,,,,,,,,2026-05-04,,,,,,,,,,,,,,,,,,,,,,,,,,,,,,,,,,,,,,,,,,,,,,,,,,,,,,,,,,,,,,,,,,,,,T2,MORNING,15,true,,,,,,,,,,,,,,
policy_decision,pol_demo_135_2026_05_04,,,,,,,,,2026-05-04T20:30:00+00:00,,MAINTAIN,,,,,,,2026-05-04,,,,,,,,,,,,,,,,,,,,,,,,,,,,,,,,,,,,,,,,,,,,,,,,,,,,,,,,,,,,,,,,,,,,,,,,,INFO,Dia estavel - Q2.,"{""id"": ""set_614751a34b1b"", ""state"": ""MAINTAIN"", ""hardwork_budget_hours"": 6.0, ""max_pomodoros_per_day"": 8, ""sleep_target_hours"": 8.0, ""qhe_target"": 0.75, ""break_minutes"": 10, ""allowed_phases"": [""DEEP_WORK"", ""SHALLOW_WORK""], ""description"": ""MAINTAIN regime: steady cadence. 6h hard work, 8 pomodoros, sleep 8h, Q_HE target 0.75."", ""created_at"": ""2026-06-08 17:53:51.711647""}",0,,0.78,H,0,true,2026-05-04T20:30:00+00:00,,,,
sleep_record,sle_2026_05_05,,,,,,,,,2026-05-05T05:46:00+00:00,,,,,,,,,2026-05-05,20:36:00,05:46:00,9,21.457761717910845,22.26319060425804,0,Sono normal.,MANUAL,9.166666666666666,,,,,,,,,,,,,,,,,,,,,,,,,,,,,,,,,,,,,,,,,,,,,,,,,,,,,,,,,,,,,,,,,,,,,,,,,,,,,
time_block,blk_demo_134_00_2026_05_05,,,,,,,,,2026-05-05T05:30:00+00:00,,,,,,,,,,,,,,,,,,,Deep Work,2026-05-05T05:30:00+00:00,2026-05-05T08:00:00+00:00,MANHA,,,,150,false,false,,,,,,,,,,,,,,,,,,,,,,,,,,,,,,,,,,,,,,,,,,,,,,,,,,,,,,,,,,,,,,,,,,,
routine_log,rlg_demo_134_00_2026_05_05,,,,,,,,,2026-05-05T22:00:00+00:00,,,,,,,,,2026-05-05,,,,,,,,,,,,,MANHA,rou_syn_134_2026_05_05,10,8,,,,,ENTRY,Rotina automatica (off=34),4,true,false,,,,,,,,,,,,,,,,,,,,,,,,,,,,,,,,,,,,,,,,,,,,,,,,,,,,,,,,,,,,,
journal_entry,jrn_demo_134_00_2026_05_05,,,,,,,,,2026-05-05T20:00:00+00:00,,,,,,,,,2026-05-05,,,,,,,,,,,,,,,9,7,,,,,,,,,,Dia off=34. Tipo curso. Energia 9/10. Foco 7/10. 6/8 pomodoros.,"[""MANHA"", ""NOITE"", ""TARDE""]",[],[],[],[],[],6,5,5,2026-06-08T20:53:51.711749+00:00,,,,,,,,,,,,,,,,,,,,,,,,,,,,,,,,,,,,,,,,,,,,,,,,,,
pomodoro_round,pom_demo_134_00_2026_05_05,,,,,,,,,,,COMPLETE,,,,,,,,,,,,,,,,,,,,,,,,,,,,,,,,,,,,,,,,,,,,1,2026-05-05T04:00:00+00:00,2026-05-05T05:00:00+00:00,0,60.0,true,false,,,,,,,,,,,,,,,,,,,,,,,,,,,,,,,,,,,,,,,,,,,
day_context,ctx_2026_05_05,,,,,,,,,2026-05-05T04:00:00+00:00,,,,,,,,,2026-05-05,,,,,,,,,,,,,,,,,,,,,,,,,,,,,,,,,,,,,,,,,,,,curso,240,213,8,6,true,false,Synthetic off=34,-27,88.75,,,,,,,,,,,,,,,,,,,,,,,,,,,,,,,,,
daily_reflection,ref_2026_05_05,,,,,,,,,2026-05-05T22:00:00+00:00,,,,,,,,,2026-05-05,,,,,,,,,,,,,,,,,,,,,,,,,,,,,,,,,,,,,,,,,,,,,,,,,,,,,,[],"[""Hidratar ao acordar""]","[""Meditacao matinal""]",,"[""Completou 6/8 pomodoros""]",[],Aprendizado do dia off=34.,[],bom,,,,,,,,,,,,,,,,,,,,,,,,
lunch_record,lun_2026_05_05,,,,,,,,,2026-05-05T12:05:00+00:00,,,,,,,,,2026-05-05,,,,,,,,,,,,,,,,,,,,,,,,,,,,,,,,,,,,,,,,,,,,,,,,,,,,,,,,,,,,,,,5,30,false,Almoco normal.,35,true,,,,,,,,,,,,,,,,,,
transicao,trn_t1_2026_05_05,,,,,,,,,2026-05-05T08:00:00+00:00,,,,,,,,,2026-05-05,,,,,,,,,,,,,,,,,,,,,,,,,,,,,,,,,,,,,,,,,,,,,,,,,,,,,,,,,,,,,,,,,,,,,T1,HYDRATION,15,true,,,,,,,,,,,,,,
transicao,trn_t2_2026_05_05,,,,,,,,,2026-05-05T09:00:00+00:00,,,,,,,,,2026-05-05,,,,,,,,,,,,,,,,,,,,,,,,,,,,,,,,,,,,,,,,,,,,,,,,,,,,,,,,,,,,,,,,,,,,,T2,MORNING,15,true,,,,,,,,,,,,,,
policy_decision,pol_demo_134_2026_05_05,,,,,,,,,2026-05-05T20:30:00+00:00,,MAINTAIN,,,,,,,2026-05-05,,,,,,,,,,,,,,,,,,,,,,,,,,,,,,,,,,,,,,,,,,,,,,,,,,,,,,,,,,,,,,,,,,,,,,,,,INFO,Dia estavel - Q2.,"{""id"": ""set_8093fb056285"", ""state"": ""MAINTAIN"", ""hardwork_budget_hours"": 6.0, ""max_pomodoros_per_day"": 8, ""sleep_target_hours"": 8.0, ""qhe_target"": 0.75, ""break_minutes"": 10, ""allowed_phases"": [""DEEP_WORK"", ""SHALLOW_WORK""], ""description"": ""MAINTAIN regime: steady cadence. 6h hard work, 8 pomodoros, sleep 8h, Q_HE target 0.75."", ""created_at"": ""2026-06-08 17:53:51.711817""}",0,,0.78,H,0,true,2026-05-05T20:30:00+00:00,,,,
sleep_record,sle_2026_05_06,,,,,,,,,2026-05-06T06:26:00+00:00,,,,,,,,,2026-05-06,20:24:00,06:26:00,9,18.9166462045332,18.605940967239494,2,Sono normal.,MANUAL,10.033333333333333,,,,,,,,,,,,,,,,,,,,,,,,,,,,,,,,,,,,,,,,,,,,,,,,,,,,,,,,,,,,,,,,,,,,,,,,,,,,,
time_block,blk_demo_133_00_2026_05_06,,,,,,,,,2026-05-06T06:30:00+00:00,,,,,,,,,,,,,,,,,,,Deep Work,2026-05-06T06:30:00+00:00,2026-05-06T08:00:00+00:00,MANHA,,,,90,false,false,,,,,,,,,,,,,,,,,,,,,,,,,,,,,,,,,,,,,,,,,,,,,,,,,,,,,,,,,,,,,,,,,,,
routine_log,rlg_demo_133_00_2026_05_06,,,,,,,,,2026-05-06T22:00:00+00:00,,,,,,,,,2026-05-06,,,,,,,,,,,,,MANHA,rou_syn_133_2026_05_06,9,8,,,,,ENTRY,Rotina automatica (off=33),4,true,false,,,,,,,,,,,,,,,,,,,,,,,,,,,,,,,,,,,,,,,,,,,,,,,,,,,,,,,,,,,,,
journal_entry,jrn_demo_133_00_2026_05_06,,,,,,,,,2026-05-06T20:00:00+00:00,,,,,,,,,2026-05-06,,,,,,,,,,,,,,,8,7,,,,,,,,,,Dia off=33. Tipo curso. Energia 8/10. Foco 7/10. 7/8 pomodoros.,"[""MANHA"", ""NOITE"", ""TARDE""]",[],"[""Desvio leve de horario.""]",[],[],[],7,3,3,2026-06-08T20:53:51.711904+00:00,,,,,,,,,,,,,,,,,,,,,,,,,,,,,,,,,,,,,,,,,,,,,,,,,,
pomodoro_round,pom_demo_133_00_2026_05_06,,,,,,,,,,,COMPLETE,,,,,,,,,,,,,,,,,,,,,,,,,,,,,,,,,,,,,,,,,,,,1,2026-05-06T04:00:00+00:00,2026-05-06T05:00:00+00:00,0,60.0,true,false,,,,,,,,,,,,,,,,,,,,,,,,,,,,,,,,,,,,,,,,,,,
day_context,ctx_2026_05_06,,,,,,,,,2026-05-06T04:00:00+00:00,,,,,,,,,2026-05-06,,,,,,,,,,,,,,,,,,,,,,,,,,,,,,,,,,,,,,,,,,,,curso,240,199,8,7,true,false,Synthetic off=33,-41,82.91666666666667,,,,,,,,,,,,,,,,,,,,,,,,,,,,,,,,,
daily_reflection,ref_2026_05_06,,,,,,,,,2026-05-06T22:00:00+00:00,,,,,,,,,2026-05-06,,,,,,,,,,,,,,,,,,,,,,,,,,,,,,,,,,,,,,,,,,,,,,,,,,,,,,[],"[""Hidratar ao acordar""]","[""Meditacao matinal""]",,"[""Completou 7/8 pomodoros""]",[],Aprendizado do dia off=33.,[],bom,,,,,,,,,,,,,,,,,,,,,,,,
lunch_record,lun_2026_05_06,,,,,,,,,2026-05-06T12:05:00+00:00,,,,,,,,,2026-05-06,,,,,,,,,,,,,,,,,,,,,,,,,,,,,,,,,,,,,,,,,,,,,,,,,,,,,,,,,,,,,,,5,30,false,Almoco normal.,35,true,,,,,,,,,,,,,,,,,,
transicao,trn_t1_2026_05_06,,,,,,,,,2026-05-06T08:00:00+00:00,,,,,,,,,2026-05-06,,,,,,,,,,,,,,,,,,,,,,,,,,,,,,,,,,,,,,,,,,,,,,,,,,,,,,,,,,,,,,,,,,,,,T1,HYDRATION,15,true,,,,,,,,,,,,,,
transicao,trn_t2_2026_05_06,,,,,,,,,2026-05-06T09:00:00+00:00,,,,,,,,,2026-05-06,,,,,,,,,,,,,,,,,,,,,,,,,,,,,,,,,,,,,,,,,,,,,,,,,,,,,,,,,,,,,,,,,,,,,T2,MORNING,15,true,,,,,,,,,,,,,,
policy_decision,pol_demo_133_2026_05_06,,,,,,,,,2026-05-06T20:30:00+00:00,,MAINTAIN,,,,,,,2026-05-06,,,,,,,,,,,,,,,,,,,,,,,,,,,,,,,,,,,,,,,,,,,,,,,,,,,,,,,,,,,,,,,,,,,,,,,,,INFO,Dia estavel - Q2.,"{""id"": ""set_92f93c34acaa"", ""state"": ""MAINTAIN"", ""hardwork_budget_hours"": 6.0, ""max_pomodoros_per_day"": 8, ""sleep_target_hours"": 8.0, ""qhe_target"": 0.75, ""break_minutes"": 10, ""allowed_phases"": [""DEEP_WORK"", ""SHALLOW_WORK""], ""description"": ""MAINTAIN regime: steady cadence. 6h hard work, 8 pomodoros, sleep 8h, Q_HE target 0.75."", ""created_at"": ""2026-06-08 17:53:51.711967""}",0,,0.78,H,1,true,2026-05-06T20:30:00+00:00,,,,
sleep_record,sle_2026_05_07,,,,,,,,,2026-05-07T04:15:00+00:00,,,,,,,,,2026-05-07,20:50:00,04:15:00,9,18.853944746795893,19.06369965557384,2,Sono normal.,MANUAL,7.416666666666667,,,,,,,,,,,,,,,,,,,,,,,,,,,,,,,,,,,,,,,,,,,,,,,,,,,,,,,,,,,,,,,,,,,,,,,,,,,,,
time_block,blk_demo_132_00_2026_05_07,,,,,,,,,2026-05-07T04:30:00+00:00,,,,,,,,,,,,,,,,,,,Deep Work,2026-05-07T04:30:00+00:00,2026-05-07T08:00:00+00:00,MANHA,,,,210,false,false,,,,,,,,,,,,,,,,,,,,,,,,,,,,,,,,,,,,,,,,,,,,,,,,,,,,,,,,,,,,,,,,,,,
routine_log,rlg_demo_132_00_2026_05_07,,,,,,,,,2026-05-07T22:00:00+00:00,,,,,,,,,2026-05-07,,,,,,,,,,,,,MANHA,rou_syn_132_2026_05_07,7,10,,,,,ENTRY,Rotina automatica (off=32),4,true,false,,,,,,,,,,,,,,,,,,,,,,,,,,,,,,,,,,,,,,,,,,,,,,,,,,,,,,,,,,,,,
journal_entry,jrn_demo_132_00_2026_05_07,,,,,,,,,2026-05-07T20:00:00+00:00,,,,,,,,,2026-05-07,,,,,,,,,,,,,,,6,9,,,,,,,,,,Dia off=32. Tipo curso. Energia 6/10. Foco 9/10. 8/8 pomodoros.,"[""MANHA"", ""NOITE"", ""TARDE""]",[],[],[],[],[],8,5,3,2026-06-08T20:53:51.712043+00:00,,,,,,,,,,,,,,,,,,,,,,,,,,,,,,,,,,,,,,,,,,,,,,,,,,
pomodoro_round,pom_demo_132_00_2026_05_07,,,,,,,,,,,COMPLETE,,,,,,,,,,,,,,,,,,,,,,,,,,,,,,,,,,,,,,,,,,,,1,2026-05-07T04:00:00+00:00,2026-05-07T05:00:00+00:00,0,60.0,true,false,,,,,,,,,,,,,,,,,,,,,,,,,,,,,,,,,,,,,,,,,,,
day_context,ctx_2026_05_07,,,,,,,,,2026-05-07T04:00:00+00:00,,,,,,,,,2026-05-07,,,,,,,,,,,,,,,,,,,,,,,,,,,,,,,,,,,,,,,,,,,,curso,240,262,8,8,true,false,Synthetic off=32,22,100.0,,,,,,,,,,,,,,,,,,,,,,,,,,,,,,,,,
daily_reflection,ref_2026_05_07,,,,,,,,,2026-05-07T22:00:00+00:00,,,,,,,,,2026-05-07,,,,,,,,,,,,,,,,,,,,,,,,,,,,,,,,,,,,,,,,,,,,,,,,,,,,,,[],"[""Hidratar ao acordar""]","[""Meditacao matinal""]",,"[""Completou 8/8 pomodoros""]",[],Aprendizado do dia off=32.,[],regular,,,,,,,,,,,,,,,,,,,,,,,,
lunch_record,lun_2026_05_07,,,,,,,,,2026-05-07T12:05:00+00:00,,,,,,,,,2026-05-07,,,,,,,,,,,,,,,,,,,,,,,,,,,,,,,,,,,,,,,,,,,,,,,,,,,,,,,,,,,,,,,5,30,false,Almoco normal.,35,true,,,,,,,,,,,,,,,,,,
transicao,trn_t1_2026_05_07,,,,,,,,,2026-05-07T08:00:00+00:00,,,,,,,,,2026-05-07,,,,,,,,,,,,,,,,,,,,,,,,,,,,,,,,,,,,,,,,,,,,,,,,,,,,,,,,,,,,,,,,,,,,,T1,HYDRATION,15,true,,,,,,,,,,,,,,
transicao,trn_t2_2026_05_07,,,,,,,,,2026-05-07T09:00:00+00:00,,,,,,,,,2026-05-07,,,,,,,,,,,,,,,,,,,,,,,,,,,,,,,,,,,,,,,,,,,,,,,,,,,,,,,,,,,,,,,,,,,,,T2,MORNING,15,true,,,,,,,,,,,,,,
policy_decision,pol_demo_132_2026_05_07,,,,,,,,,2026-05-07T20:30:00+00:00,,MAINTAIN,,,,,,,2026-05-07,,,,,,,,,,,,,,,,,,,,,,,,,,,,,,,,,,,,,,,,,,,,,,,,,,,,,,,,,,,,,,,,,,,,,,,,,INFO,Dia estavel - Q2.,"{""id"": ""set_06f7b62c7e54"", ""state"": ""MAINTAIN"", ""hardwork_budget_hours"": 6.0, ""max_pomodoros_per_day"": 8, ""sleep_target_hours"": 8.0, ""qhe_target"": 0.75, ""break_minutes"": 10, ""allowed_phases"": [""DEEP_WORK"", ""SHALLOW_WORK""], ""description"": ""MAINTAIN regime: steady cadence. 6h hard work, 8 pomodoros, sleep 8h, Q_HE target 0.75."", ""created_at"": ""2026-06-08 17:53:51.712099""}",0,,0.78,M,0,true,2026-05-07T20:30:00+00:00,,,,
sleep_record,sle_2026_05_08,,,,,,,,,2026-05-08T05:52:00+00:00,,,,,,,,,2026-05-08,20:46:00,05:52:00,6,27.23256355589408,22.595444889086213,1,Sono normal.,MANUAL,9.1,,,,,,,,,,,,,,,,,,,,,,,,,,,,,,,,,,,,,,,,,,,,,,,,,,,,,,,,,,,,,,,,,,,,,,,,,,,,,
time_block,blk_demo_131_00_2026_05_08,,,,,,,,,2026-05-08T05:30:00+00:00,,,,,,,,,,,,,,,,,,,Deep Work,2026-05-08T05:30:00+00:00,2026-05-08T08:00:00+00:00,MANHA,,,,150,false,false,,,,,,,,,,,,,,,,,,,,,,,,,,,,,,,,,,,,,,,,,,,,,,,,,,,,,,,,,,,,,,,,,,,
routine_log,rlg_demo_131_00_2026_05_08,,,,,,,,,2026-05-08T22:00:00+00:00,,,,,,,,,2026-05-08,,,,,,,,,,,,,MANHA,rou_syn_131_2026_05_08,9,7,,,,,ENTRY,Rotina automatica (off=31),4,true,false,,,,,,,,,,,,,,,,,,,,,,,,,,,,,,,,,,,,,,,,,,,,,,,,,,,,,,,,,,,,,
journal_entry,jrn_demo_131_00_2026_05_08,,,,,,,,,2026-05-08T20:00:00+00:00,,,,,,,,,2026-05-08,,,,,,,,,,,,,,,8,6,,,,,,,,,,Dia off=31. Tipo curso. Energia 8/10. Foco 6/10. 8/8 pomodoros.,"[""MANHA"", ""NOITE"", ""TARDE""]",[],"[""Desvio leve de horario.""]",[],[],[],8,4,5,2026-06-08T20:53:51.712175+00:00,,,,,,,,,,,,,,,,,,,,,,,,,,,,,,,,,,,,,,,,,,,,,,,,,,
pomodoro_round,pom_demo_131_00_2026_05_08,,,,,,,,,,,COMPLETE,,,,,,,,,,,,,,,,,,,,,,,,,,,,,,,,,,,,,,,,,,,,1,2026-05-08T04:00:00+00:00,2026-05-08T05:00:00+00:00,0,60.0,true,false,,,,,,,,,,,,,,,,,,,,,,,,,,,,,,,,,,,,,,,,,,,
day_context,ctx_2026_05_08,,,,,,,,,2026-05-08T04:00:00+00:00,,,,,,,,,2026-05-08,,,,,,,,,,,,,,,,,,,,,,,,,,,,,,,,,,,,,,,,,,,,curso,240,260,8,8,true,false,Synthetic off=31,20,100.0,,,,,,,,,,,,,,,,,,,,,,,,,,,,,,,,,
daily_reflection,ref_2026_05_08,,,,,,,,,2026-05-08T22:00:00+00:00,,,,,,,,,2026-05-08,,,,,,,,,,,,,,,,,,,,,,,,,,,,,,,,,,,,,,,,,,,,,,,,,,,,,,[],"[""Hidratar ao acordar""]","[""Meditacao matinal""]",,"[""Completou 8/8 pomodoros""]",[],Aprendizado do dia off=31.,[],bom,,,,,,,,,,,,,,,,,,,,,,,,
lunch_record,lun_2026_05_08,,,,,,,,,2026-05-08T12:05:00+00:00,,,,,,,,,2026-05-08,,,,,,,,,,,,,,,,,,,,,,,,,,,,,,,,,,,,,,,,,,,,,,,,,,,,,,,,,,,,,,,5,30,false,Almoco normal.,35,true,,,,,,,,,,,,,,,,,,
transicao,trn_t1_2026_05_08,,,,,,,,,2026-05-08T08:00:00+00:00,,,,,,,,,2026-05-08,,,,,,,,,,,,,,,,,,,,,,,,,,,,,,,,,,,,,,,,,,,,,,,,,,,,,,,,,,,,,,,,,,,,,T1,HYDRATION,15,true,,,,,,,,,,,,,,
transicao,trn_t2_2026_05_08,,,,,,,,,2026-05-08T09:00:00+00:00,,,,,,,,,2026-05-08,,,,,,,,,,,,,,,,,,,,,,,,,,,,,,,,,,,,,,,,,,,,,,,,,,,,,,,,,,,,,,,,,,,,,T2,MORNING,15,true,,,,,,,,,,,,,,
policy_decision,pol_demo_131_2026_05_08,,,,,,,,,2026-05-08T20:30:00+00:00,,PUSH,,,,,,,2026-05-08,,,,,,,,,,,,,,,,,,,,,,,,,,,,,,,,,,,,,,,,,,,,,,,,,,,,,,,,,,,,,,,,,,,,,,,,,INFO,Dia produtivo - Q1.,"{""id"": ""set_c993e4670ac2"", ""state"": ""PUSH"", ""hardwork_budget_hours"": 8.0, ""max_pomodoros_per_day"": 10, ""sleep_target_hours"": 7.0, ""qhe_target"": 0.85, ""break_minutes"": 10, ""allowed_phases"": [""DEEP_WORK"", ""SHALLOW_WORK""], ""description"": ""PUSH regime: maximum focus. 8h hard work, 10 pomodoros, sleep 7h, Q_HE target 0.85."", ""created_at"": ""2026-06-08 17:53:51.712231""}",0,,0.92,H,1,true,2026-05-08T20:30:00+00:00,,,,
sleep_record,sle_2026_05_09,,,,,,,,,2026-05-09T10:00:00+00:00,,,,,,,,,2026-05-09,20:00:00,10:00:00,10,45.0,25.0,0,Sono de recuperacao extrema - 14h.,MANUAL,14.0,,,,,,,,,,,,,,,,,,,,,,,,,,,,,,,,,,,,,,,,,,,,,,,,,,,,,,,,,,,,,,,,,,,,,,,,,,,,,
time_block,blk_demo_130_00_2026_05_09,,,,,,,,,2026-05-09T07:00:00+00:00,,,,,,,,,,,,,,,,,,,Leitura,2026-05-09T07:00:00+00:00,2026-05-09T08:00:00+00:00,MANHA,,,,60,false,false,,,,,,,,,,,,,,,,,,,,,,,,,,,,,,,,,,,,,,,,,,,,,,,,,,,,,,,,,,,,,,,,,,,
routine_log,rlg_demo_130_00_2026_05_09,,,,,,,,,2026-05-09T22:00:00+00:00,,,,,,,,,2026-05-09,,,,,,,,,,,,,MANHA,rou_syn_130_2026_05_09,7,6,,,,,ENTRY,Rotina automatica (off=30),4,true,false,,,,,,,,,,,,,,,,,,,,,,,,,,,,,,,,,,,,,,,,,,,,,,,,,,,,,,,,,,,,,
journal_entry,jrn_demo_130_00_2026_05_09,,,,,,,,,2026-05-09T20:00:00+00:00,,,,,,,,,2026-05-09,,,,,,,,,,,,,,,6,5,,,,,,,,,,Dia off=30. Tipo descanso. Energia 6/10. Foco 5/10. 0/2 pomodoros.,"[""MANHA"", ""NOITE"", ""TARDE""]",[],[],[],[],[],0,4,4,2026-06-08T20:53:51.712295+00:00,,,,,,,,,,,,,,,,,,,,,,,,,,,,,,,,,,,,,,,,,,,,,,,,,,
day_context,ctx_2026_05_09,,,,,,,,,2026-05-09T04:00:00+00:00,,,,,,,,,2026-05-09,,,,,,,,,,,,,,,,,,,,,,,,,,,,,,,,,,,,,,,,,,,,descanso,60,30,2,0,false,false,Synthetic off=30,-30,50.0,,,,,,,,,,,,,,,,,,,,,,,,,,,,,,,,,
daily_reflection,ref_2026_05_09,,,,,,,,,2026-05-09T22:00:00+00:00,,,,,,,,,2026-05-09,,,,,,,,,,,,,,,,,,,,,,,,,,,,,,,,,,,,,,,,,,,,,,,,,,,,,,[],"[""Hidratar ao acordar""]","[""Meditacao matinal""]",,"[""Completou 0/2 pomodoros""]",[],Sono 14h e sinal de deficit severo.,[],regular,,,,,,,,,,,,,,,,,,,,,,,,
lunch_record,lun_2026_05_09,,,,,,,,,2026-05-09T12:05:00+00:00,,,,,,,,,2026-05-09,,,,,,,,,,,,,,,,,,,,,,,,,,,,,,,,,,,,,,,,,,,,,,,,,,,,,,,,,,,,,,,5,30,false,Almoco normal.,35,true,,,,,,,,,,,,,,,,,,
transicao,trn_t1_2026_05_09,,,,,,,,,2026-05-09T08:00:00+00:00,,,,,,,,,2026-05-09,,,,,,,,,,,,,,,,,,,,,,,,,,,,,,,,,,,,,,,,,,,,,,,,,,,,,,,,,,,,,,,,,,,,,T1,HYDRATION,15,true,,,,,,,,,,,,,,
transicao,trn_t2_2026_05_09,,,,,,,,,2026-05-09T09:00:00+00:00,,,,,,,,,2026-05-09,,,,,,,,,,,,,,,,,,,,,,,,,,,,,,,,,,,,,,,,,,,,,,,,,,,,,,,,,,,,,,,,,,,,,T2,MORNING,15,true,,,,,,,,,,,,,,
policy_decision,pol_demo_130_2026_05_09,,,,,,,,,2026-05-09T20:30:00+00:00,,RECOVER,,,,,,,2026-05-09,,,,,,,,,,,,,,,,,,,,,,,,,,,,,,,,,,,,,,,,,,,,,,,,,,,,,,,,,,,,,,,,,,,,,,,,,WARNING,Sono compensatorio 14h - deficit acumulado.,"{""id"": ""set_26e7e122d187"", ""state"": ""RECOVER"", ""hardwork_budget_hours"": 2.0, ""max_pomodoros_per_day"": 2, ""sleep_target_hours"": 9.0, ""qhe_target"": 0.5, ""break_minutes"": 20, ""allowed_phases"": [""RECOVERY""], ""description"": ""RECOVER regime: hard stop. 2h hard work, 2 pomodoros, sleep 9h, Q_HE target 0.50."", ""created_at"": ""2026-06-08 17:53:51.712365""}",0,,0.35,M,0,true,2026-05-09T20:30:00+00:00,,,,
sleep_record,sle_2026_05_10,,,,,,,,,2026-05-10T06:11:00+00:00,,,,,,,,,2026-05-10,20:45:00,06:11:00,9,24.665919320742116,20.26491179056713,2,Sono normal.,MANUAL,9.433333333333334,,,,,,,,,,,,,,,,,,,,,,,,,,,,,,,,,,,,,,,,,,,,,,,,,,,,,,,,,,,,,,,,,,,,,,,,,,,,,
time_block,blk_demo_129_00_2026_05_10,,,,,,,,,2026-05-10T06:30:00+00:00,,,,,,,,,,,,,,,,,,,Deep Work,2026-05-10T06:30:00+00:00,2026-05-10T08:00:00+00:00,MANHA,,,,90,false,false,,,,,,,,,,,,,,,,,,,,,,,,,,,,,,,,,,,,,,,,,,,,,,,,,,,,,,,,,,,,,,,,,,,
routine_log,rlg_demo_129_00_2026_05_10,,,,,,,,,2026-05-10T22:00:00+00:00,,,,,,,,,2026-05-10,,,,,,,,,,,,,MANHA,rou_syn_129_2026_05_10,10,8,,,,,ENTRY,Rotina automatica (off=29),4,true,false,,,,,,,,,,,,,,,,,,,,,,,,,,,,,,,,,,,,,,,,,,,,,,,,,,,,,,,,,,,,,
journal_entry,jrn_demo_129_00_2026_05_10,,,,,,,,,2026-05-10T20:00:00+00:00,,,,,,,,,2026-05-10,,,,,,,,,,,,,,,9,7,,,,,,,,,,Dia off=29. Tipo curso. Energia 9/10. Foco 7/10. 7/8 pomodoros.,"[""MANHA"", ""NOITE"", ""TARDE""]",[],[],[],[],"[""Manter consistencia.""]",7,4,4,2026-06-08T20:53:51.712444+00:00,,,,,,,,,,,,,,,,,,,,,,,,,,,,,,,,,,,,,,,,,,,,,,,,,,
pomodoro_round,pom_demo_129_00_2026_05_10,,,,,,,,,,,COMPLETE,,,,,,,,,,,,,,,,,,,,,,,,,,,,,,,,,,,,,,,,,,,,1,2026-05-10T04:00:00+00:00,2026-05-10T05:00:00+00:00,0,60.0,true,false,,,,,,,,,,,,,,,,,,,,,,,,,,,,,,,,,,,,,,,,,,,
day_context,ctx_2026_05_10,,,,,,,,,2026-05-10T04:00:00+00:00,,,,,,,,,2026-05-10,,,,,,,,,,,,,,,,,,,,,,,,,,,,,,,,,,,,,,,,,,,,curso,240,183,8,7,true,false,Synthetic off=29,-57,76.25,,,,,,,,,,,,,,,,,,,,,,,,,,,,,,,,,
daily_reflection,ref_2026_05_10,,,,,,,,,2026-05-10T22:00:00+00:00,,,,,,,,,2026-05-10,,,,,,,,,,,,,,,,,,,,,,,,,,,,,,,,,,,,,,,,,,,,,,,,,,,,,,[],"[""Hidratar ao acordar""]","[""Meditacao matinal""]",,"[""Completou 7/8 pomodoros""]",[],Aprendizado do dia off=29.,[],bom,,,,,,,,,,,,,,,,,,,,,,,,
lunch_record,lun_2026_05_10,,,,,,,,,2026-05-10T12:05:00+00:00,,,,,,,,,2026-05-10,,,,,,,,,,,,,,,,,,,,,,,,,,,,,,,,,,,,,,,,,,,,,,,,,,,,,,,,,,,,,,,5,30,false,Almoco normal.,35,true,,,,,,,,,,,,,,,,,,
transicao,trn_t1_2026_05_10,,,,,,,,,2026-05-10T08:00:00+00:00,,,,,,,,,2026-05-10,,,,,,,,,,,,,,,,,,,,,,,,,,,,,,,,,,,,,,,,,,,,,,,,,,,,,,,,,,,,,,,,,,,,,T1,HYDRATION,15,true,,,,,,,,,,,,,,
transicao,trn_t2_2026_05_10,,,,,,,,,2026-05-10T09:00:00+00:00,,,,,,,,,2026-05-10,,,,,,,,,,,,,,,,,,,,,,,,,,,,,,,,,,,,,,,,,,,,,,,,,,,,,,,,,,,,,,,,,,,,,T2,MORNING,15,true,,,,,,,,,,,,,,
policy_decision,pol_demo_129_2026_05_10,,,,,,,,,2026-05-10T20:30:00+00:00,,MAINTAIN,,,,,,,2026-05-10,,,,,,,,,,,,,,,,,,,,,,,,,,,,,,,,,,,,,,,,,,,,,,,,,,,,,,,,,,,,,,,,,,,,,,,,,INFO,Dia estavel - Q2.,"{""id"": ""set_354180fbd63c"", ""state"": ""MAINTAIN"", ""hardwork_budget_hours"": 6.0, ""max_pomodoros_per_day"": 8, ""sleep_target_hours"": 8.0, ""qhe_target"": 0.75, ""break_minutes"": 10, ""allowed_phases"": [""DEEP_WORK"", ""SHALLOW_WORK""], ""description"": ""MAINTAIN regime: steady cadence. 6h hard work, 8 pomodoros, sleep 8h, Q_HE target 0.75."", ""created_at"": ""2026-06-08 17:53:51.712503""}",0,,0.78,H,0,true,2026-05-10T20:30:00+00:00,,,,
sleep_record,sle_2026_05_11,,,,,,,,,2026-05-11T04:10:00+00:00,,,,,,,,,2026-05-11,20:36:00,04:10:00,8,19.278781004197892,22.043647804075608,0,Sono normal.,MANUAL,7.566666666666666,,,,,,,,,,,,,,,,,,,,,,,,,,,,,,,,,,,,,,,,,,,,,,,,,,,,,,,,,,,,,,,,,,,,,,,,,,,,,
time_block,blk_demo_128_00_2026_05_11,,,,,,,,,2026-05-11T04:30:00+00:00,,,,,,,,,,,,,,,,,,,Deep Work,2026-05-11T04:30:00+00:00,2026-05-11T08:00:00+00:00,MANHA,,,,210,false,false,,,,,,,,,,,,,,,,,,,,,,,,,,,,,,,,,,,,,,,,,,,,,,,,,,,,,,,,,,,,,,,,,,,
routine_log,rlg_demo_128_00_2026_05_11,,,,,,,,,2026-05-11T22:00:00+00:00,,,,,,,,,2026-05-11,,,,,,,,,,,,,MANHA,rou_syn_128_2026_05_11,8,10,,,,,ENTRY,Rotina automatica (off=28),4,true,false,,,,,,,,,,,,,,,,,,,,,,,,,,,,,,,,,,,,,,,,,,,,,,,,,,,,,,,,,,,,,
journal_entry,jrn_demo_128_00_2026_05_11,,,,,,,,,2026-05-11T20:00:00+00:00,,,,,,,,,2026-05-11,,,,,,,,,,,,,,,7,9,,,,,,,,,,Dia off=28. Tipo curso. Energia 7/10. Foco 9/10. 6/8 pomodoros.,"[""MANHA"", ""NOITE"", ""TARDE""]",[],"[""Desvio leve de horario.""]",[],[],[],6,4,3,2026-06-08T20:53:51.712577+00:00,,,,,,,,,,,,,,,,,,,,,,,,,,,,,,,,,,,,,,,,,,,,,,,,,,
pomodoro_round,pom_demo_128_00_2026_05_11,,,,,,,,,,,COMPLETE,,,,,,,,,,,,,,,,,,,,,,,,,,,,,,,,,,,,,,,,,,,,1,2026-05-11T04:00:00+00:00,2026-05-11T05:00:00+00:00,0,60.0,true,false,,,,,,,,,,,,,,,,,,,,,,,,,,,,,,,,,,,,,,,,,,,
day_context,ctx_2026_05_11,,,,,,,,,2026-05-11T04:00:00+00:00,,,,,,,,,2026-05-11,,,,,,,,,,,,,,,,,,,,,,,,,,,,,,,,,,,,,,,,,,,,curso,240,226,8,6,true,false,Synthetic off=28,-14,94.16666666666667,,,,,,,,,,,,,,,,,,,,,,,,,,,,,,,,,
daily_reflection,ref_2026_05_11,,,,,,,,,2026-05-11T22:00:00+00:00,,,,,,,,,2026-05-11,,,,,,,,,,,,,,,,,,,,,,,,,,,,,,,,,,,,,,,,,,,,,,,,,,,,,,[],"[""Hidratar ao acordar""]","[""Meditacao matinal""]",,"[""Completou 6/8 pomodoros""]",[],Aprendizado do dia off=28.,[],bom,,,,,,,,,,,,,,,,,,,,,,,,
lunch_record,lun_2026_05_11,,,,,,,,,2026-05-11T12:05:00+00:00,,,,,,,,,2026-05-11,,,,,,,,,,,,,,,,,,,,,,,,,,,,,,,,,,,,,,,,,,,,,,,,,,,,,,,,,,,,,,,5,30,false,Almoco normal.,35,true,,,,,,,,,,,,,,,,,,
transicao,trn_t1_2026_05_11,,,,,,,,,2026-05-11T08:00:00+00:00,,,,,,,,,2026-05-11,,,,,,,,,,,,,,,,,,,,,,,,,,,,,,,,,,,,,,,,,,,,,,,,,,,,,,,,,,,,,,,,,,,,,T1,HYDRATION,15,true,,,,,,,,,,,,,,
transicao,trn_t2_2026_05_11,,,,,,,,,2026-05-11T09:00:00+00:00,,,,,,,,,2026-05-11,,,,,,,,,,,,,,,,,,,,,,,,,,,,,,,,,,,,,,,,,,,,,,,,,,,,,,,,,,,,,,,,,,,,,T2,MORNING,15,true,,,,,,,,,,,,,,
policy_decision,pol_demo_128_2026_05_11,,,,,,,,,2026-05-11T20:30:00+00:00,,MAINTAIN,,,,,,,2026-05-11,,,,,,,,,,,,,,,,,,,,,,,,,,,,,,,,,,,,,,,,,,,,,,,,,,,,,,,,,,,,,,,,,,,,,,,,,INFO,Dia estavel - Q2.,"{""id"": ""set_a61a1e6ce65c"", ""state"": ""MAINTAIN"", ""hardwork_budget_hours"": 6.0, ""max_pomodoros_per_day"": 8, ""sleep_target_hours"": 8.0, ""qhe_target"": 0.75, ""break_minutes"": 10, ""allowed_phases"": [""DEEP_WORK"", ""SHALLOW_WORK""], ""description"": ""MAINTAIN regime: steady cadence. 6h hard work, 8 pomodoros, sleep 8h, Q_HE target 0.75."", ""created_at"": ""2026-06-08 17:53:51.712635""}",0,,0.78,H,1,true,2026-05-11T20:30:00+00:00,,,,
sleep_record,sle_2026_05_12,,,,,,,,,2026-05-12T06:30:00+00:00,,,,,,,,,2026-05-12,20:26:00,06:30:00,7,20.74366558696184,20.388016773877403,0,Sono normal.,MANUAL,10.066666666666666,,,,,,,,,,,,,,,,,,,,,,,,,,,,,,,,,,,,,,,,,,,,,,,,,,,,,,,,,,,,,,,,,,,,,,,,,,,,,
time_block,blk_demo_127_00_2026_05_12,,,,,,,,,2026-05-12T06:30:00+00:00,,,,,,,,,,,,,,,,,,,Deep Work,2026-05-12T06:30:00+00:00,2026-05-12T08:00:00+00:00,MANHA,,,,90,false,false,,,,,,,,,,,,,,,,,,,,,,,,,,,,,,,,,,,,,,,,,,,,,,,,,,,,,,,,,,,,,,,,,,,
routine_log,rlg_demo_127_00_2026_05_12,,,,,,,,,2026-05-12T22:00:00+00:00,,,,,,,,,2026-05-12,,,,,,,,,,,,,MANHA,rou_syn_127_2026_05_12,7,9,,,,,ENTRY,Rotina automatica (off=27),4,true,false,,,,,,,,,,,,,,,,,,,,,,,,,,,,,,,,,,,,,,,,,,,,,,,,,,,,,,,,,,,,,
journal_entry,jrn_demo_127_00_2026_05_12,,,,,,,,,2026-05-12T20:00:00+00:00,,,,,,,,,2026-05-12,,,,,,,,,,,,,,,6,8,,,,,,,,,,Dia off=27. Tipo curso. Energia 6/10. Foco 8/10. 8/8 pomodoros.,"[""MANHA"", ""NOITE"", ""TARDE""]",[],[],[],[],[],8,3,3,2026-06-08T20:53:51.712705+00:00,,,,,,,,,,,,,,,,,,,,,,,,,,,,,,,,,,,,,,,,,,,,,,,,,,
pomodoro_round,pom_demo_127_00_2026_05_12,,,,,,,,,,,COMPLETE,,,,,,,,,,,,,,,,,,,,,,,,,,,,,,,,,,,,,,,,,,,,1,2026-05-12T04:00:00+00:00,2026-05-12T05:00:00+00:00,0,60.0,true,false,,,,,,,,,,,,,,,,,,,,,,,,,,,,,,,,,,,,,,,,,,,
day_context,ctx_2026_05_12,,,,,,,,,2026-05-12T04:00:00+00:00,,,,,,,,,2026-05-12,,,,,,,,,,,,,,,,,,,,,,,,,,,,,,,,,,,,,,,,,,,,curso,240,234,8,8,true,false,Synthetic off=27,-6,97.5,,,,,,,,,,,,,,,,,,,,,,,,,,,,,,,,,
daily_reflection,ref_2026_05_12,,,,,,,,,2026-05-12T22:00:00+00:00,,,,,,,,,2026-05-12,,,,,,,,,,,,,,,,,,,,,,,,,,,,,,,,,,,,,,,,,,,,,,,,,,,,,,[],"[""Hidratar ao acordar""]","[""Meditacao matinal""]",,"[""Completou 8/8 pomodoros""]",[],Aprendizado do dia off=27.,[],regular,,,,,,,,,,,,,,,,,,,,,,,,
lunch_record,lun_2026_05_12,,,,,,,,,2026-05-12T12:05:00+00:00,,,,,,,,,2026-05-12,,,,,,,,,,,,,,,,,,,,,,,,,,,,,,,,,,,,,,,,,,,,,,,,,,,,,,,,,,,,,,,5,30,false,Almoco normal.,35,true,,,,,,,,,,,,,,,,,,
transicao,trn_t1_2026_05_12,,,,,,,,,2026-05-12T08:00:00+00:00,,,,,,,,,2026-05-12,,,,,,,,,,,,,,,,,,,,,,,,,,,,,,,,,,,,,,,,,,,,,,,,,,,,,,,,,,,,,,,,,,,,,T1,HYDRATION,15,true,,,,,,,,,,,,,,
transicao,trn_t2_2026_05_12,,,,,,,,,2026-05-12T09:00:00+00:00,,,,,,,,,2026-05-12,,,,,,,,,,,,,,,,,,,,,,,,,,,,,,,,,,,,,,,,,,,,,,,,,,,,,,,,,,,,,,,,,,,,,T2,MORNING,15,true,,,,,,,,,,,,,,
policy_decision,pol_demo_127_2026_05_12,,,,,,,,,2026-05-12T20:30:00+00:00,,MAINTAIN,,,,,,,2026-05-12,,,,,,,,,,,,,,,,,,,,,,,,,,,,,,,,,,,,,,,,,,,,,,,,,,,,,,,,,,,,,,,,,,,,,,,,,INFO,Dia estavel - Q2.,"{""id"": ""set_ea79933d5a3f"", ""state"": ""MAINTAIN"", ""hardwork_budget_hours"": 6.0, ""max_pomodoros_per_day"": 8, ""sleep_target_hours"": 8.0, ""qhe_target"": 0.75, ""break_minutes"": 10, ""allowed_phases"": [""DEEP_WORK"", ""SHALLOW_WORK""], ""description"": ""MAINTAIN regime: steady cadence. 6h hard work, 8 pomodoros, sleep 8h, Q_HE target 0.75."", ""created_at"": ""2026-06-08 17:53:51.712793""}",0,,0.78,M,0,true,2026-05-12T20:30:00+00:00,,,,
sleep_record,sle_2026_05_13,,,,,,,,,2026-05-13T06:00:00+00:00,,,,,,,,,2026-05-13,03:00:00,06:00:00,3,15.0,10.0,3,Sono 3h - deadline critico.,MANUAL,3.0,,,,,,,,,,,,,,,,,,,,,,,,,,,,,,,,,,,,,,,,,,,,,,,,,,,,,,,,,,,,,,,,,,,,,,,,,,,,,
time_block,blk_demo_126_00_2026_05_13,,,,,,,,,2026-05-13T06:15:00+00:00,,,,,,,,,,,,,,,,,,,Deep Work Emergencial,2026-05-13T06:15:00+00:00,2026-05-13T11:00:00+00:00,MANHA,,,,285,false,false,,,,,,,,,,,,,,,,,,,,,,,,,,,,,,,,,,,,,,,,,,,,,,,,,,,,,,,,,,,,,,,,,,,
routine_log,rlg_demo_126_00_2026_05_13,,,,,,,,,2026-05-13T22:00:00+00:00,,,,,,,,,2026-05-13,,,,,,,,,,,,,MANHA,rou_syn_126_2026_05_13,4,7,,,,,ENTRY,Rotina automatica (off=26),4,true,false,,,,,,,,,,,,,,,,,,,,,,,,,,,,,,,,,,,,,,,,,,,,,,,,,,,,,,,,,,,,,
journal_entry,jrn_demo_126_00_2026_05_13,,,,,,,,,2026-05-13T20:00:00+00:00,,,,,,,,,2026-05-13,,,,,,,,,,,,,,,3,6,,,,,,,,,,Dia off=26. Tipo hardcore. Energia 3/10. Foco 6/10. 12/12 pomodoros.,"[""MANHA"", ""NOITE"", ""TARDE""]",[],"[""Sono 3h. Infracao GRAVISSIMA.""]",[],[],"[""Nao repetir 2 dias seguidos.""]",12,2,2,2026-06-08T20:53:51.712871+00:00,,,,,,,,,,,,,,,,,,,,,,,,,,,,,,,,,,,,,,,,,,,,,,,,,,
pomodoro_round,pom_demo_126_00_2026_05_13,,,,,,,,,,,COMPLETE,,,,,,,,,,,,,,,,,,,,,,,,,,,,,,,,,,,,,,,,,,,,1,2026-05-13T04:00:00+00:00,2026-05-13T05:00:00+00:00,0,60.0,true,false,,,,,,,,,,,,,,,,,,,,,,,,,,,,,,,,,,,,,,,,,,,
day_context,ctx_2026_05_13,,,,,,,,,2026-05-13T04:00:00+00:00,,,,,,,,,2026-05-13,,,,,,,,,,,,,,,,,,,,,,,,,,,,,,,,,,,,,,,,,,,,hardcore,660,360,12,12,false,true,Synthetic off=26,-300,54.54545454545454,,,,,,,,,,,,,,,,,,,,,,,,,,,,,,,,,
daily_reflection,ref_2026_05_13,,,,,,,,,2026-05-13T22:00:00+00:00,,,,,,,,,2026-05-13,,,,,,,,,,,,,,,,,,,,,,,,,,,,,,,,,,,,,,,,,,,,,,,,,,,,,,[],"[""Hidratar ao acordar""]","[""Meditacao matinal""]",,"[""Entrega no prazo.""]","[""Subestimei o esforco.""]",3h sono nao e sustentavel.,[],ruim,,,,,,,,,,,,,,,,,,,,,,,,
lunch_record,lun_2026_05_13,,,,,,,,,2026-05-13T12:05:00+00:00,,,,,,,,,2026-05-13,,,,,,,,,,,,,,,,,,,,,,,,,,,,,,,,,,,,,,,,,,,,,,,,,,,,,,,,,,,,,,,5,30,false,Almoco normal.,35,true,,,,,,,,,,,,,,,,,,
transicao,trn_t1_2026_05_13,,,,,,,,,2026-05-13T08:00:00+00:00,,,,,,,,,2026-05-13,,,,,,,,,,,,,,,,,,,,,,,,,,,,,,,,,,,,,,,,,,,,,,,,,,,,,,,,,,,,,,,,,,,,,T1,HYDRATION,15,true,,,,,,,,,,,,,,
transicao,trn_t2_2026_05_13,,,,,,,,,2026-05-13T09:00:00+00:00,,,,,,,,,2026-05-13,,,,,,,,,,,,,,,,,,,,,,,,,,,,,,,,,,,,,,,,,,,,,,,,,,,,,,,,,,,,,,,,,,,,,T2,MORNING,15,true,,,,,,,,,,,,,,
policy_decision,pol_demo_126_2026_05_13,,,,,,,,,2026-05-13T20:30:00+00:00,,RECOVER,,,,,,,2026-05-13,,,,,,,,,,,,,,,,,,,,,,,,,,,,,,,,,,,,,,,,,,,,,,,,,,,,,,,,,,,,,,,,,,,,,,,,,CRITICAL,3h sono - recuperacao 48h obrigatoria.,"{""id"": ""set_8d788c09f7a2"", ""state"": ""RECOVER"", ""hardwork_budget_hours"": 2.0, ""max_pomodoros_per_day"": 2, ""sleep_target_hours"": 9.0, ""qhe_target"": 0.5, ""break_minutes"": 20, ""allowed_phases"": [""RECOVERY""], ""description"": ""RECOVER regime: hard stop. 2h hard work, 2 pomodoros, sleep 9h, Q_HE target 0.50."", ""created_at"": ""2026-06-08 17:53:51.712932""}",0,,0.35,L,1,true,2026-05-13T20:30:00+00:00,,,,
sleep_record,sle_2026_05_14,,,,,,,,,2026-05-14T04:16:00+00:00,,,,,,,,,2026-05-14,20:58:00,04:16:00,6,21.379927165690553,22.14186279187546,1,Sono normal.,MANUAL,7.3,,,,,,,,,,,,,,,,,,,,,,,,,,,,,,,,,,,,,,,,,,,,,,,,,,,,,,,,,,,,,,,,,,,,,,,,,,,,,
time_block,blk_demo_125_00_2026_05_14,,,,,,,,,2026-05-14T04:30:00+00:00,,,,,,,,,,,,,,,,,,,Deep Work,2026-05-14T04:30:00+00:00,2026-05-14T08:00:00+00:00,MANHA,,,,210,false,false,,,,,,,,,,,,,,,,,,,,,,,,,,,,,,,,,,,,,,,,,,,,,,,,,,,,,,,,,,,,,,,,,,,
routine_log,rlg_demo_125_00_2026_05_14,,,,,,,,,2026-05-14T22:00:00+00:00,,,,,,,,,2026-05-14,,,,,,,,,,,,,MANHA,rou_syn_125_2026_05_14,9,7,,,,,ENTRY,Rotina automatica (off=25),4,true,false,,,,,,,,,,,,,,,,,,,,,,,,,,,,,,,,,,,,,,,,,,,,,,,,,,,,,,,,,,,,,
ajuste_fino,adj_demo_125_00_2026_05_14,,,,,,,,,2026-05-14T20:00:00+00:00,,,,,,,,,2026-05-14,,,,,,,,,,,,,TARDE,,,,,,,,,,,,,,,,,,,,,,,,,,,,,,,,,,,,,,,,,,,,,,,,,,,,,,,,,,,,,,,,,,,,,,-15,Ajuste automatico de bloco.,,
journal_entry,jrn_demo_125_00_2026_05_14,,,,,,,,,2026-05-14T20:00:00+00:00,,,,,,,,,2026-05-14,,,,,,,,,,,,,,,8,6,,,,,,,,,,Dia off=25. Tipo curso. Energia 8/10. Foco 6/10. 7/8 pomodoros.,"[""MANHA"", ""NOITE"", ""TARDE""]",[],[],[],[],[],7,3,3,2026-06-08T20:53:51.713013+00:00,,,,,,,,,,,,,,,,,,,,,,,,,,,,,,,,,,,,,,,,,,,,,,,,,,
pomodoro_round,pom_demo_125_00_2026_05_14,,,,,,,,,,,COMPLETE,,,,,,,,,,,,,,,,,,,,,,,,,,,,,,,,,,,,,,,,,,,,1,2026-05-14T04:00:00+00:00,2026-05-14T05:00:00+00:00,0,60.0,true,false,,,,,,,,,,,,,,,,,,,,,,,,,,,,,,,,,,,,,,,,,,,
day_context,ctx_2026_05_14,,,,,,,,,2026-05-14T04:00:00+00:00,,,,,,,,,2026-05-14,,,,,,,,,,,,,,,,,,,,,,,,,,,,,,,,,,,,,,,,,,,,curso,240,213,8,7,true,false,Synthetic off=25,-27,88.75,,,,,,,,,,,,,,,,,,,,,,,,,,,,,,,,,
daily_reflection,ref_2026_05_14,,,,,,,,,2026-05-14T22:00:00+00:00,,,,,,,,,2026-05-14,,,,,,,,,,,,,,,,,,,,,,,,,,,,,,,,,,,,,,,,,,,,,,,,,,,,,,[],"[""Hidratar ao acordar""]","[""Meditacao matinal""]",,"[""Completou 7/8 pomodoros""]",[],Aprendizado do dia off=25.,[],bom,,,,,,,,,,,,,,,,,,,,,,,,
lunch_record,lun_2026_05_14,,,,,,,,,2026-05-14T12:05:00+00:00,,,,,,,,,2026-05-14,,,,,,,,,,,,,,,,,,,,,,,,,,,,,,,,,,,,,,,,,,,,,,,,,,,,,,,,,,,,,,,5,30,false,Almoco normal.,35,true,,,,,,,,,,,,,,,,,,
transicao,trn_t1_2026_05_14,,,,,,,,,2026-05-14T08:00:00+00:00,,,,,,,,,2026-05-14,,,,,,,,,,,,,,,,,,,,,,,,,,,,,,,,,,,,,,,,,,,,,,,,,,,,,,,,,,,,,,,,,,,,,T1,HYDRATION,15,true,,,,,,,,,,,,,,
transicao,trn_t2_2026_05_14,,,,,,,,,2026-05-14T09:00:00+00:00,,,,,,,,,2026-05-14,,,,,,,,,,,,,,,,,,,,,,,,,,,,,,,,,,,,,,,,,,,,,,,,,,,,,,,,,,,,,,,,,,,,,T2,MORNING,15,true,,,,,,,,,,,,,,
policy_decision,pol_demo_125_2026_05_14,,,,,,,,,2026-05-14T20:30:00+00:00,,MAINTAIN,,,,,,,2026-05-14,,,,,,,,,,,,,,,,,,,,,,,,,,,,,,,,,,,,,,,,,,,,,,,,,,,,,,,,,,,,,,,,,,,,,,,,,INFO,Dia estavel - Q2.,"{""id"": ""set_25a002e7c8bd"", ""state"": ""MAINTAIN"", ""hardwork_budget_hours"": 6.0, ""max_pomodoros_per_day"": 8, ""sleep_target_hours"": 8.0, ""qhe_target"": 0.75, ""break_minutes"": 10, ""allowed_phases"": [""DEEP_WORK"", ""SHALLOW_WORK""], ""description"": ""MAINTAIN regime: steady cadence. 6h hard work, 8 pomodoros, sleep 8h, Q_HE target 0.75."", ""created_at"": ""2026-06-08 17:53:51.713067""}",0,,0.78,H,0,true,2026-05-14T20:30:00+00:00,,,,
sleep_record,sle_2026_05_15,,,,,,,,,2026-05-15T04:03:00+00:00,,,,,,,,,2026-05-15,20:21:00,04:03:00,8,29.698818346027338,22.512589408942826,1,Sono normal.,MANUAL,7.7,,,,,,,,,,,,,,,,,,,,,,,,,,,,,,,,,,,,,,,,,,,,,,,,,,,,,,,,,,,,,,,,,,,,,,,,,,,,,
time_block,blk_demo_124_00_2026_05_15,,,,,,,,,2026-05-15T04:30:00+00:00,,,,,,,,,,,,,,,,,,,Deep Work,2026-05-15T04:30:00+00:00,2026-05-15T08:00:00+00:00,MANHA,,,,210,false,false,,,,,,,,,,,,,,,,,,,,,,,,,,,,,,,,,,,,,,,,,,,,,,,,,,,,,,,,,,,,,,,,,,,
routine_log,rlg_demo_124_00_2026_05_15,,,,,,,,,2026-05-15T22:00:00+00:00,,,,,,,,,2026-05-15,,,,,,,,,,,,,MANHA,rou_syn_124_2026_05_15,8,7,,,,,ENTRY,Rotina automatica (off=24),4,true,false,,,,,,,,,,,,,,,,,,,,,,,,,,,,,,,,,,,,,,,,,,,,,,,,,,,,,,,,,,,,,
journal_entry,jrn_demo_124_00_2026_05_15,,,,,,,,,2026-05-15T20:00:00+00:00,,,,,,,,,2026-05-15,,,,,,,,,,,,,,,7,6,,,,,,,,,,Dia off=24. Tipo curso. Energia 7/10. Foco 6/10. 8/8 pomodoros.,"[""MANHA"", ""NOITE"", ""TARDE""]",[],[],[],[],[],8,3,3,2026-06-08T20:53:51.713140+00:00,,,,,,,,,,,,,,,,,,,,,,,,,,,,,,,,,,,,,,,,,,,,,,,,,,
pomodoro_round,pom_demo_124_00_2026_05_15,,,,,,,,,,,COMPLETE,,,,,,,,,,,,,,,,,,,,,,,,,,,,,,,,,,,,,,,,,,,,1,2026-05-15T04:00:00+00:00,2026-05-15T05:00:00+00:00,0,60.0,true,false,,,,,,,,,,,,,,,,,,,,,,,,,,,,,,,,,,,,,,,,,,,
day_context,ctx_2026_05_15,,,,,,,,,2026-05-15T04:00:00+00:00,,,,,,,,,2026-05-15,,,,,,,,,,,,,,,,,,,,,,,,,,,,,,,,,,,,,,,,,,,,curso,240,209,8,8,true,false,Synthetic off=24,-31,87.08333333333333,,,,,,,,,,,,,,,,,,,,,,,,,,,,,,,,,
daily_reflection,ref_2026_05_15,,,,,,,,,2026-05-15T22:00:00+00:00,,,,,,,,,2026-05-15,,,,,,,,,,,,,,,,,,,,,,,,,,,,,,,,,,,,,,,,,,,,,,,,,,,,,,[],"[""Hidratar ao acordar""]","[""Meditacao matinal""]",,"[""Completou 8/8 pomodoros""]",[],Aprendizado do dia off=24.,[],bom,,,,,,,,,,,,,,,,,,,,,,,,
lunch_record,lun_2026_05_15,,,,,,,,,2026-05-15T12:05:00+00:00,,,,,,,,,2026-05-15,,,,,,,,,,,,,,,,,,,,,,,,,,,,,,,,,,,,,,,,,,,,,,,,,,,,,,,,,,,,,,,5,30,false,Almoco normal.,35,true,,,,,,,,,,,,,,,,,,
transicao,trn_t1_2026_05_15,,,,,,,,,2026-05-15T08:00:00+00:00,,,,,,,,,2026-05-15,,,,,,,,,,,,,,,,,,,,,,,,,,,,,,,,,,,,,,,,,,,,,,,,,,,,,,,,,,,,,,,,,,,,,T1,HYDRATION,15,true,,,,,,,,,,,,,,
transicao,trn_t2_2026_05_15,,,,,,,,,2026-05-15T09:00:00+00:00,,,,,,,,,2026-05-15,,,,,,,,,,,,,,,,,,,,,,,,,,,,,,,,,,,,,,,,,,,,,,,,,,,,,,,,,,,,,,,,,,,,,T2,MORNING,15,true,,,,,,,,,,,,,,
policy_decision,pol_demo_124_2026_05_15,,,,,,,,,2026-05-15T20:30:00+00:00,,MAINTAIN,,,,,,,2026-05-15,,,,,,,,,,,,,,,,,,,,,,,,,,,,,,,,,,,,,,,,,,,,,,,,,,,,,,,,,,,,,,,,,,,,,,,,,INFO,Dia estavel - Q2.,"{""id"": ""set_31316f23c6a9"", ""state"": ""MAINTAIN"", ""hardwork_budget_hours"": 6.0, ""max_pomodoros_per_day"": 8, ""sleep_target_hours"": 8.0, ""qhe_target"": 0.75, ""break_minutes"": 10, ""allowed_phases"": [""DEEP_WORK"", ""SHALLOW_WORK""], ""description"": ""MAINTAIN regime: steady cadence. 6h hard work, 8 pomodoros, sleep 8h, Q_HE target 0.75."", ""created_at"": ""2026-06-08 17:53:51.713193""}",0,,0.78,H,0,true,2026-05-15T20:30:00+00:00,,,,
sleep_record,sle_2026_05_16,,,,,,,,,2026-05-16T05:01:00+00:00,,,,,,,,,2026-05-16,20:31:00,05:01:00,8,18.956033879171155,23.162560801590033,0,Sono normal.,MANUAL,8.5,,,,,,,,,,,,,,,,,,,,,,,,,,,,,,,,,,,,,,,,,,,,,,,,,,,,,,,,,,,,,,,,,,,,,,,,,,,,,
time_block,blk_demo_123_00_2026_05_16,,,,,,,,,2026-05-16T05:30:00+00:00,,,,,,,,,,,,,,,,,,,Deep Work,2026-05-16T05:30:00+00:00,2026-05-16T08:00:00+00:00,MANHA,,,,150,false,false,,,,,,,,,,,,,,,,,,,,,,,,,,,,,,,,,,,,,,,,,,,,,,,,,,,,,,,,,,,,,,,,,,,
routine_log,rlg_demo_123_00_2026_05_16,,,,,,,,,2026-05-16T22:00:00+00:00,,,,,,,,,2026-05-16,,,,,,,,,,,,,MANHA,rou_syn_123_2026_05_16,9,7,,,,,ENTRY,Rotina automatica (off=23),4,true,false,,,,,,,,,,,,,,,,,,,,,,,,,,,,,,,,,,,,,,,,,,,,,,,,,,,,,,,,,,,,,
journal_entry,jrn_demo_123_00_2026_05_16,,,,,,,,,2026-05-16T20:00:00+00:00,,,,,,,,,2026-05-16,,,,,,,,,,,,,,,8,6,,,,,,,,,,Dia off=23. Tipo curso. Energia 8/10. Foco 6/10. 7/8 pomodoros.,"[""MANHA"", ""NOITE"", ""TARDE""]",[],[],[],[],[],7,5,4,2026-06-08T20:53:51.713263+00:00,,,,,,,,,,,,,,,,,,,,,,,,,,,,,,,,,,,,,,,,,,,,,,,,,,
pomodoro_round,pom_demo_123_00_2026_05_16,,,,,,,,,,,COMPLETE,,,,,,,,,,,,,,,,,,,,,,,,,,,,,,,,,,,,,,,,,,,,1,2026-05-16T04:00:00+00:00,2026-05-16T05:00:00+00:00,0,60.0,true,false,,,,,,,,,,,,,,,,,,,,,,,,,,,,,,,,,,,,,,,,,,,
day_context,ctx_2026_05_16,,,,,,,,,2026-05-16T04:00:00+00:00,,,,,,,,,2026-05-16,,,,,,,,,,,,,,,,,,,,,,,,,,,,,,,,,,,,,,,,,,,,curso,240,275,8,7,true,false,Synthetic off=23,35,100.0,,,,,,,,,,,,,,,,,,,,,,,,,,,,,,,,,
daily_reflection,ref_2026_05_16,,,,,,,,,2026-05-16T22:00:00+00:00,,,,,,,,,2026-05-16,,,,,,,,,,,,,,,,,,,,,,,,,,,,,,,,,,,,,,,,,,,,,,,,,,,,,,[],"[""Hidratar ao acordar""]","[""Meditacao matinal""]",,"[""Completou 7/8 pomodoros""]",[],Aprendizado do dia off=23.,[],bom,,,,,,,,,,,,,,,,,,,,,,,,
lunch_record,lun_2026_05_16,,,,,,,,,2026-05-16T12:05:00+00:00,,,,,,,,,2026-05-16,,,,,,,,,,,,,,,,,,,,,,,,,,,,,,,,,,,,,,,,,,,,,,,,,,,,,,,,,,,,,,,5,30,false,Almoco normal.,35,true,,,,,,,,,,,,,,,,,,
transicao,trn_t1_2026_05_16,,,,,,,,,2026-05-16T08:00:00+00:00,,,,,,,,,2026-05-16,,,,,,,,,,,,,,,,,,,,,,,,,,,,,,,,,,,,,,,,,,,,,,,,,,,,,,,,,,,,,,,,,,,,,T1,HYDRATION,15,true,,,,,,,,,,,,,,
transicao,trn_t2_2026_05_16,,,,,,,,,2026-05-16T09:00:00+00:00,,,,,,,,,2026-05-16,,,,,,,,,,,,,,,,,,,,,,,,,,,,,,,,,,,,,,,,,,,,,,,,,,,,,,,,,,,,,,,,,,,,,T2,MORNING,15,true,,,,,,,,,,,,,,
policy_decision,pol_demo_123_2026_05_16,,,,,,,,,2026-05-16T20:30:00+00:00,,PUSH,,,,,,,2026-05-16,,,,,,,,,,,,,,,,,,,,,,,,,,,,,,,,,,,,,,,,,,,,,,,,,,,,,,,,,,,,,,,,,,,,,,,,,INFO,Dia produtivo - Q1.,"{""id"": ""set_8da977de5919"", ""state"": ""PUSH"", ""hardwork_budget_hours"": 8.0, ""max_pomodoros_per_day"": 10, ""sleep_target_hours"": 7.0, ""qhe_target"": 0.85, ""break_minutes"": 10, ""allowed_phases"": [""DEEP_WORK"", ""SHALLOW_WORK""], ""description"": ""PUSH regime: maximum focus. 8h hard work, 10 pomodoros, sleep 7h, Q_HE target 0.85."", ""created_at"": ""2026-06-08 17:53:51.713319""}",0,,0.92,H,0,true,2026-05-16T20:30:00+00:00,,,,
time_block,blk_demo_122_00_2026_05_17,,,,,,,,,2026-05-17T07:00:00+00:00,,,,,,,,,,,,,,,,,,,Leitura,2026-05-17T07:00:00+00:00,2026-05-17T08:00:00+00:00,MANHA,,,,60,false,false,,,,,,,,,,,,,,,,,,,,,,,,,,,,,,,,,,,,,,,,,,,,,,,,,,,,,,,,,,,,,,,,,,,
routine_log,rlg_demo_122_00_2026_05_17,,,,,,,,,2026-05-17T22:00:00+00:00,,,,,,,,,2026-05-17,,,,,,,,,,,,,MANHA,rou_syn_122_2026_05_17,6,6,,,,,ENTRY,Rotina automatica (off=22),4,true,false,,,,,,,,,,,,,,,,,,,,,,,,,,,,,,,,,,,,,,,,,,,,,,,,,,,,,,,,,,,,,
journal_entry,jrn_demo_122_00_2026_05_17,,,,,,,,,2026-05-17T20:00:00+00:00,,,,,,,,,2026-05-17,,,,,,,,,,,,,,,5,5,,,,,,,,,,Dia off=22. Tipo descanso. Energia 5/10. Foco 5/10. 1/2 pomodoros.,"[""MANHA"", ""NOITE"", ""TARDE""]",[],[],[],[],[],1,4,4,2026-06-08T20:53:51.713371+00:00,,,,,,,,,,,,,,,,,,,,,,,,,,,,,,,,,,,,,,,,,,,,,,,,,,
pomodoro_round,pom_demo_122_00_2026_05_17,,,,,,,,,,,COMPLETE,,,,,,,,,,,,,,,,,,,,,,,,,,,,,,,,,,,,,,,,,,,,1,2026-05-17T04:00:00+00:00,2026-05-17T05:00:00+00:00,0,60.0,true,false,,,,,,,,,,,,,,,,,,,,,,,,,,,,,,,,,,,,,,,,,,,
day_context,ctx_2026_05_17,,,,,,,,,2026-05-17T04:00:00+00:00,,,,,,,,,2026-05-17,,,,,,,,,,,,,,,,,,,,,,,,,,,,,,,,,,,,,,,,,,,,descanso,60,30,2,1,false,false,Synthetic off=22,-30,50.0,,,,,,,,,,,,,,,,,,,,,,,,,,,,,,,,,
daily_reflection,ref_2026_05_17,,,,,,,,,2026-05-17T22:00:00+00:00,,,,,,,,,2026-05-17,,,,,,,,,,,,,,,,,,,,,,,,,,,,,,,,,,,,,,,,,,,,,,,,,,,,,,[],"[""Hidratar ao acordar""]","[""Meditacao matinal""]",,"[""Completou 1/2 pomodoros""]",[],Esqueci de registrar o sono.,[],regular,,,,,,,,,,,,,,,,,,,,,,,,
lunch_record,lun_2026_05_17,,,,,,,,,2026-05-17T12:05:00+00:00,,,,,,,,,2026-05-17,,,,,,,,,,,,,,,,,,,,,,,,,,,,,,,,,,,,,,,,,,,,,,,,,,,,,,,,,,,,,,,5,30,false,Almoco normal.,35,true,,,,,,,,,,,,,,,,,,
transicao,trn_t1_2026_05_17,,,,,,,,,2026-05-17T08:00:00+00:00,,,,,,,,,2026-05-17,,,,,,,,,,,,,,,,,,,,,,,,,,,,,,,,,,,,,,,,,,,,,,,,,,,,,,,,,,,,,,,,,,,,,T1,HYDRATION,15,true,,,,,,,,,,,,,,
transicao,trn_t2_2026_05_17,,,,,,,,,2026-05-17T09:00:00+00:00,,,,,,,,,2026-05-17,,,,,,,,,,,,,,,,,,,,,,,,,,,,,,,,,,,,,,,,,,,,,,,,,,,,,,,,,,,,,,,,,,,,,T2,MORNING,15,true,,,,,,,,,,,,,,
policy_decision,pol_demo_122_2026_05_17,,,,,,,,,2026-05-17T20:30:00+00:00,,MAINTAIN,,,,,,,2026-05-17,,,,,,,,,,,,,,,,,,,,,,,,,,,,,,,,,,,,,,,,,,,,,,,,,,,,,,,,,,,,,,,,,,,,,,,,,INFO,Dia normal.,"{""id"": ""set_08cf1286afcb"", ""state"": ""MAINTAIN"", ""hardwork_budget_hours"": 6.0, ""max_pomodoros_per_day"": 8, ""sleep_target_hours"": 8.0, ""qhe_target"": 0.75, ""break_minutes"": 10, ""allowed_phases"": [""DEEP_WORK"", ""SHALLOW_WORK""], ""description"": ""MAINTAIN regime: steady cadence. 6h hard work, 8 pomodoros, sleep 8h, Q_HE target 0.75."", ""created_at"": ""2026-06-08 17:53:51.713425""}",0,,0.78,M,0,true,2026-05-17T20:30:00+00:00,,,,
sleep_record,sle_2026_05_18,,,,,,,,,2026-05-18T05:25:00+00:00,,,,,,,,,2026-05-18,20:11:00,05:25:00,8,27.954921383142516,21.140058673594087,2,Sono normal.,MANUAL,9.233333333333333,,,,,,,,,,,,,,,,,,,,,,,,,,,,,,,,,,,,,,,,,,,,,,,,,,,,,,,,,,,,,,,,,,,,,,,,,,,,,
time_block,blk_demo_121_00_2026_05_18,,,,,,,,,2026-05-18T05:30:00+00:00,,,,,,,,,,,,,,,,,,,Deep Work,2026-05-18T05:30:00+00:00,2026-05-18T08:00:00+00:00,MANHA,,,,150,false,false,,,,,,,,,,,,,,,,,,,,,,,,,,,,,,,,,,,,,,,,,,,,,,,,,,,,,,,,,,,,,,,,,,,
routine_log,rlg_demo_121_00_2026_05_18,,,,,,,,,2026-05-18T22:00:00+00:00,,,,,,,,,2026-05-18,,,,,,,,,,,,,MANHA,rou_syn_121_2026_05_18,7,9,,,,,ENTRY,Rotina automatica (off=21),4,true,false,,,,,,,,,,,,,,,,,,,,,,,,,,,,,,,,,,,,,,,,,,,,,,,,,,,,,,,,,,,,,
journal_entry,jrn_demo_121_00_2026_05_18,,,,,,,,,2026-05-18T20:00:00+00:00,,,,,,,,,2026-05-18,,,,,,,,,,,,,,,6,8,,,,,,,,,,Dia off=21. Tipo curso. Energia 6/10. Foco 8/10. 8/8 pomodoros.,"[""MANHA"", ""NOITE"", ""TARDE""]",[],"[""Desvio leve de horario.""]",[],[],[],8,3,4,2026-06-08T20:53:51.713499+00:00,,,,,,,,,,,,,,,,,,,,,,,,,,,,,,,,,,,,,,,,,,,,,,,,,,
pomodoro_round,pom_demo_121_00_2026_05_18,,,,,,,,,,,COMPLETE,,,,,,,,,,,,,,,,,,,,,,,,,,,,,,,,,,,,,,,,,,,,1,2026-05-18T04:00:00+00:00,2026-05-18T05:00:00+00:00,0,60.0,true,false,,,,,,,,,,,,,,,,,,,,,,,,,,,,,,,,,,,,,,,,,,,
day_context,ctx_2026_05_18,,,,,,,,,2026-05-18T04:00:00+00:00,,,,,,,,,2026-05-18,,,,,,,,,,,,,,,,,,,,,,,,,,,,,,,,,,,,,,,,,,,,curso,240,207,8,8,true,false,Synthetic off=21,-33,86.25,,,,,,,,,,,,,,,,,,,,,,,,,,,,,,,,,
daily_reflection,ref_2026_05_18,,,,,,,,,2026-05-18T22:00:00+00:00,,,,,,,,,2026-05-18,,,,,,,,,,,,,,,,,,,,,,,,,,,,,,,,,,,,,,,,,,,,,,,,,,,,,,[],"[""Hidratar ao acordar""]","[""Meditacao matinal""]",,"[""Completou 8/8 pomodoros""]",[],Aprendizado do dia off=21.,[],regular,,,,,,,,,,,,,,,,,,,,,,,,
lunch_record,lun_2026_05_18,,,,,,,,,2026-05-18T12:05:00+00:00,,,,,,,,,2026-05-18,,,,,,,,,,,,,,,,,,,,,,,,,,,,,,,,,,,,,,,,,,,,,,,,,,,,,,,,,,,,,,,5,30,false,Almoco normal.,35,true,,,,,,,,,,,,,,,,,,
transicao,trn_t1_2026_05_18,,,,,,,,,2026-05-18T08:00:00+00:00,,,,,,,,,2026-05-18,,,,,,,,,,,,,,,,,,,,,,,,,,,,,,,,,,,,,,,,,,,,,,,,,,,,,,,,,,,,,,,,,,,,,T1,HYDRATION,15,true,,,,,,,,,,,,,,
transicao,trn_t2_2026_05_18,,,,,,,,,2026-05-18T09:00:00+00:00,,,,,,,,,2026-05-18,,,,,,,,,,,,,,,,,,,,,,,,,,,,,,,,,,,,,,,,,,,,,,,,,,,,,,,,,,,,,,,,,,,,,T2,MORNING,15,true,,,,,,,,,,,,,,
policy_decision,pol_demo_121_2026_05_18,,,,,,,,,2026-05-18T20:30:00+00:00,,MAINTAIN,,,,,,,2026-05-18,,,,,,,,,,,,,,,,,,,,,,,,,,,,,,,,,,,,,,,,,,,,,,,,,,,,,,,,,,,,,,,,,,,,,,,,,INFO,Dia estavel - Q2.,"{""id"": ""set_4624d03881f2"", ""state"": ""MAINTAIN"", ""hardwork_budget_hours"": 6.0, ""max_pomodoros_per_day"": 8, ""sleep_target_hours"": 8.0, ""qhe_target"": 0.75, ""break_minutes"": 10, ""allowed_phases"": [""DEEP_WORK"", ""SHALLOW_WORK""], ""description"": ""MAINTAIN regime: steady cadence. 6h hard work, 8 pomodoros, sleep 8h, Q_HE target 0.75."", ""created_at"": ""2026-06-08 17:53:51.713557""}",0,,0.78,M,1,true,2026-05-18T20:30:00+00:00,,,,
sleep_record,sle_2026_05_19,,,,,,,,,2026-05-19T05:00:00+00:00,,,,,,,,,2026-05-19,21:00:00,05:00:00,9,30.0,22.0,0,Sono bom. Dia de descanso total.,MANUAL,8.0,,,,,,,,,,,,,,,,,,,,,,,,,,,,,,,,,,,,,,,,,,,,,,,,,,,,,,,,,,,,,,,,,,,,,,,,,,,,,
time_block,blk_demo_120_00_2026_05_19,,,,,,,,,2026-05-19T07:00:00+00:00,,,,,,,,,,,,,,,,,,,Leitura,2026-05-19T07:00:00+00:00,2026-05-19T08:00:00+00:00,MANHA,,,,60,false,false,,,,,,,,,,,,,,,,,,,,,,,,,,,,,,,,,,,,,,,,,,,,,,,,,,,,,,,,,,,,,,,,,,,
routine_log,rlg_demo_120_00_2026_05_19,,,,,,,,,2026-05-19T22:00:00+00:00,,,,,,,,,2026-05-19,,,,,,,,,,,,,MANHA,rou_syn_120_2026_05_19,9,8,,,,,ENTRY,Rotina automatica (off=20),4,true,false,,,,,,,,,,,,,,,,,,,,,,,,,,,,,,,,,,,,,,,,,,,,,,,,,,,,,,,,,,,,,
journal_entry,jrn_demo_120_00_2026_05_19,,,,,,,,,2026-05-19T20:00:00+00:00,,,,,,,,,2026-05-19,,,,,,,,,,,,,,,8,7,,,,,,,,,,Dia off=20. Tipo descanso. Energia 8/10. Foco 7/10. 0/0 pomodoros.,"[""MANHA"", ""NOITE"", ""TARDE""]",[],[],[],[],[],0,4,4,2026-06-08T20:53:51.713614+00:00,,,,,,,,,,,,,,,,,,,,,,,,,,,,,,,,,,,,,,,,,,,,,,,,,,
day_context,ctx_2026_05_19,,,,,,,,,2026-05-19T04:00:00+00:00,,,,,,,,,2026-05-19,,,,,,,,,,,,,,,,,,,,,,,,,,,,,,,,,,,,,,,,,,,,descanso,0,0,0,0,false,false,Synthetic off=20,0,0.0,,,,,,,,,,,,,,,,,,,,,,,,,,,,,,,,,
daily_reflection,ref_2026_05_19,,,,,,,,,2026-05-19T22:00:00+00:00,,,,,,,,,2026-05-19,,,,,,,,,,,,,,,,,,,,,,,,,,,,,,,,,,,,,,,,,,,,,,,,,,,,,,[],"[""Hidratar ao acordar""]","[""Meditacao matinal""]",,"[""Completou 0/0 pomodoros""]",[],Descanso total - necessario.,[],bom,,,,,,,,,,,,,,,,,,,,,,,,
lunch_record,lun_2026_05_19,,,,,,,,,2026-05-19T12:05:00+00:00,,,,,,,,,2026-05-19,,,,,,,,,,,,,,,,,,,,,,,,,,,,,,,,,,,,,,,,,,,,,,,,,,,,,,,,,,,,,,,5,30,false,Almoco normal.,35,true,,,,,,,,,,,,,,,,,,
transicao,trn_t1_2026_05_19,,,,,,,,,2026-05-19T08:00:00+00:00,,,,,,,,,2026-05-19,,,,,,,,,,,,,,,,,,,,,,,,,,,,,,,,,,,,,,,,,,,,,,,,,,,,,,,,,,,,,,,,,,,,,T1,HYDRATION,15,true,,,,,,,,,,,,,,
transicao,trn_t2_2026_05_19,,,,,,,,,2026-05-19T09:00:00+00:00,,,,,,,,,2026-05-19,,,,,,,,,,,,,,,,,,,,,,,,,,,,,,,,,,,,,,,,,,,,,,,,,,,,,,,,,,,,,,,,,,,,,T2,MORNING,15,true,,,,,,,,,,,,,,
policy_decision,pol_demo_120_2026_05_19,,,,,,,,,2026-05-19T20:30:00+00:00,,MAINTAIN,,,,,,,2026-05-19,,,,,,,,,,,,,,,,,,,,,,,,,,,,,,,,,,,,,,,,,,,,,,,,,,,,,,,,,,,,,,,,,,,,,,,,,INFO,Dia normal.,"{""id"": ""set_c04ed509fbb9"", ""state"": ""MAINTAIN"", ""hardwork_budget_hours"": 6.0, ""max_pomodoros_per_day"": 8, ""sleep_target_hours"": 8.0, ""qhe_target"": 0.75, ""break_minutes"": 10, ""allowed_phases"": [""DEEP_WORK"", ""SHALLOW_WORK""], ""description"": ""MAINTAIN regime: steady cadence. 6h hard work, 8 pomodoros, sleep 8h, Q_HE target 0.75."", ""created_at"": ""2026-06-08 17:53:51.713660""}",0,,0.78,H,0,true,2026-05-19T20:30:00+00:00,,,,
sleep_record,sle_2026_05_20,,,,,,,,,2026-05-20T06:21:00+00:00,,,,,,,,,2026-05-20,20:49:00,06:21:00,6,20.225616230757897,19.69292145512879,0,Sono normal.,MANUAL,9.533333333333333,,,,,,,,,,,,,,,,,,,,,,,,,,,,,,,,,,,,,,,,,,,,,,,,,,,,,,,,,,,,,,,,,,,,,,,,,,,,,
time_block,blk_demo_119_00_2026_05_20,,,,,,,,,2026-05-20T06:30:00+00:00,,,,,,,,,,,,,,,,,,,Deep Work,2026-05-20T06:30:00+00:00,2026-05-20T08:00:00+00:00,MANHA,,,,90,false,false,,,,,,,,,,,,,,,,,,,,,,,,,,,,,,,,,,,,,,,,,,,,,,,,,,,,,,,,,,,,,,,,,,,
routine_log,rlg_demo_119_00_2026_05_20,,,,,,,,,2026-05-20T22:00:00+00:00,,,,,,,,,2026-05-20,,,,,,,,,,,,,MANHA,rou_syn_119_2026_05_20,10,9,,,,,ENTRY,Rotina automatica (off=19),4,true,false,,,,,,,,,,,,,,,,,,,,,,,,,,,,,,,,,,,,,,,,,,,,,,,,,,,,,,,,,,,,,
journal_entry,jrn_demo_119_00_2026_05_20,,,,,,,,,2026-05-20T20:00:00+00:00,,,,,,,,,2026-05-20,,,,,,,,,,,,,,,9,8,,,,,,,,,,Dia off=19. Tipo curso. Energia 9/10. Foco 8/10. 5/8 pomodoros.,"[""MANHA"", ""NOITE"", ""TARDE""]",[],"[""Desvio leve de horario.""]",[],[],[],5,5,5,2026-06-08T20:53:51.713727+00:00,,,,,,,,,,,,,,,,,,,,,,,,,,,,,,,,,,,,,,,,,,,,,,,,,,
pomodoro_round,pom_demo_119_00_2026_05_20,,,,,,,,,,,COMPLETE,,,,,,,,,,,,,,,,,,,,,,,,,,,,,,,,,,,,,,,,,,,,1,2026-05-20T04:00:00+00:00,2026-05-20T05:00:00+00:00,0,60.0,true,false,,,,,,,,,,,,,,,,,,,,,,,,,,,,,,,,,,,,,,,,,,,
day_context,ctx_2026_05_20,,,,,,,,,2026-05-20T04:00:00+00:00,,,,,,,,,2026-05-20,,,,,,,,,,,,,,,,,,,,,,,,,,,,,,,,,,,,,,,,,,,,curso,240,224,8,5,true,false,Synthetic off=19,-16,93.33333333333333,,,,,,,,,,,,,,,,,,,,,,,,,,,,,,,,,
daily_reflection,ref_2026_05_20,,,,,,,,,2026-05-20T22:00:00+00:00,,,,,,,,,2026-05-20,,,,,,,,,,,,,,,,,,,,,,,,,,,,,,,,,,,,,,,,,,,,,,,,,,,,,,[],"[""Hidratar ao acordar""]","[""Meditacao matinal""]",,"[""Completou 5/8 pomodoros""]",[],Aprendizado do dia off=19.,[],bom,,,,,,,,,,,,,,,,,,,,,,,,
lunch_record,lun_2026_05_20,,,,,,,,,2026-05-20T12:05:00+00:00,,,,,,,,,2026-05-20,,,,,,,,,,,,,,,,,,,,,,,,,,,,,,,,,,,,,,,,,,,,,,,,,,,,,,,,,,,,,,,5,30,false,Almoco normal.,35,true,,,,,,,,,,,,,,,,,,
transicao,trn_t1_2026_05_20,,,,,,,,,2026-05-20T08:00:00+00:00,,,,,,,,,2026-05-20,,,,,,,,,,,,,,,,,,,,,,,,,,,,,,,,,,,,,,,,,,,,,,,,,,,,,,,,,,,,,,,,,,,,,T1,HYDRATION,15,true,,,,,,,,,,,,,,
transicao,trn_t2_2026_05_20,,,,,,,,,2026-05-20T09:00:00+00:00,,,,,,,,,2026-05-20,,,,,,,,,,,,,,,,,,,,,,,,,,,,,,,,,,,,,,,,,,,,,,,,,,,,,,,,,,,,,,,,,,,,,T2,MORNING,15,true,,,,,,,,,,,,,,
policy_decision,pol_demo_119_2026_05_20,,,,,,,,,2026-05-20T20:30:00+00:00,,MAINTAIN,,,,,,,2026-05-20,,,,,,,,,,,,,,,,,,,,,,,,,,,,,,,,,,,,,,,,,,,,,,,,,,,,,,,,,,,,,,,,,,,,,,,,,INFO,Dia estavel - Q2.,"{""id"": ""set_ed8f34876d75"", ""state"": ""MAINTAIN"", ""hardwork_budget_hours"": 6.0, ""max_pomodoros_per_day"": 8, ""sleep_target_hours"": 8.0, ""qhe_target"": 0.75, ""break_minutes"": 10, ""allowed_phases"": [""DEEP_WORK"", ""SHALLOW_WORK""], ""description"": ""MAINTAIN regime: steady cadence. 6h hard work, 8 pomodoros, sleep 8h, Q_HE target 0.75."", ""created_at"": ""2026-06-08 17:53:51.713781""}",0,,0.78,H,1,true,2026-05-20T20:30:00+00:00,,,,
sleep_record,sle_2026_05_21,,,,,,,,,2026-05-21T05:00:00+00:00,,,,,,,,,2026-05-21,22:00:00,05:00:00,6,18.0,18.0,0,Sono curto (7h) - leve privacao.,MANUAL,7.0,,,,,,,,,,,,,,,,,,,,,,,,,,,,,,,,,,,,,,,,,,,,,,,,,,,,,,,,,,,,,,,,,,,,,,,,,,,,,
time_block,blk_demo_118_00_2026_05_21,,,,,,,,,2026-05-21T05:30:00+00:00,,,,,,,,,,,,,,,,,,,Deep Work,2026-05-21T05:30:00+00:00,2026-05-21T08:00:00+00:00,MANHA,,,,150,false,false,,,,,,,,,,,,,,,,,,,,,,,,,,,,,,,,,,,,,,,,,,,,,,,,,,,,,,,,,,,,,,,,,,,
routine_log,rlg_demo_118_00_2026_05_21,,,,,,,,,2026-05-21T22:00:00+00:00,,,,,,,,,2026-05-21,,,,,,,,,,,,,MANHA,rou_syn_118_2026_05_21,7,7,,,,,ENTRY,Rotina automatica (off=18),4,true,false,,,,,,,,,,,,,,,,,,,,,,,,,,,,,,,,,,,,,,,,,,,,,,,,,,,,,,,,,,,,,
journal_entry,jrn_demo_118_00_2026_05_21,,,,,,,,,2026-05-21T20:00:00+00:00,,,,,,,,,2026-05-21,,,,,,,,,,,,,,,6,6,,,,,,,,,,Dia off=18. Tipo curso. Energia 6/10. Foco 6/10. 6/8 pomodoros.,"[""MANHA"", ""NOITE"", ""TARDE""]",[],"[""Sono 7h (alvo 8h). Infracao LEVE.""]",[],[],"[""Sleep debt acumulando.""]",6,3,3,2026-06-08T20:53:51.713851+00:00,,,,,,,,,,,,,,,,,,,,,,,,,,,,,,,,,,,,,,,,,,,,,,,,,,
pomodoro_round,pom_demo_118_00_2026_05_21,,,,,,,,,,,COMPLETE,,,,,,,,,,,,,,,,,,,,,,,,,,,,,,,,,,,,,,,,,,,,1,2026-05-21T04:00:00+00:00,2026-05-21T05:00:00+00:00,0,60.0,true,false,,,,,,,,,,,,,,,,,,,,,,,,,,,,,,,,,,,,,,,,,,,
day_context,ctx_2026_05_21,,,,,,,,,2026-05-21T04:00:00+00:00,,,,,,,,,2026-05-21,,,,,,,,,,,,,,,,,,,,,,,,,,,,,,,,,,,,,,,,,,,,curso,240,200,8,6,true,false,Synthetic off=18,-40,83.33333333333334,,,,,,,,,,,,,,,,,,,,,,,,,,,,,,,,,
daily_reflection,ref_2026_05_21,,,,,,,,,2026-05-21T22:00:00+00:00,,,,,,,,,2026-05-21,,,,,,,,,,,,,,,,,,,,,,,,,,,,,,,,,,,,,,,,,,,,,,,,,,,,,,[],"[""Hidratar ao acordar""]","[""Meditacao matinal""]",,"[""Completou 6/8 pomodoros""]",[],Aprendizado do dia off=18.,[],regular,,,,,,,,,,,,,,,,,,,,,,,,
lunch_record,lun_2026_05_21,,,,,,,,,2026-05-21T12:05:00+00:00,,,,,,,,,2026-05-21,,,,,,,,,,,,,,,,,,,,,,,,,,,,,,,,,,,,,,,,,,,,,,,,,,,,,,,,,,,,,,,5,30,false,Almoco normal.,35,true,,,,,,,,,,,,,,,,,,
transicao,trn_t1_2026_05_21,,,,,,,,,2026-05-21T08:00:00+00:00,,,,,,,,,2026-05-21,,,,,,,,,,,,,,,,,,,,,,,,,,,,,,,,,,,,,,,,,,,,,,,,,,,,,,,,,,,,,,,,,,,,,T1,HYDRATION,15,true,,,,,,,,,,,,,,
transicao,trn_t2_2026_05_21,,,,,,,,,2026-05-21T09:00:00+00:00,,,,,,,,,2026-05-21,,,,,,,,,,,,,,,,,,,,,,,,,,,,,,,,,,,,,,,,,,,,,,,,,,,,,,,,,,,,,,,,,,,,,T2,MORNING,15,true,,,,,,,,,,,,,,
policy_decision,pol_demo_118_2026_05_21,,,,,,,,,2026-05-21T20:30:00+00:00,,REDUCE,,,,,,,2026-05-21,,,,,,,,,,,,,,,,,,,,,,,,,,,,,,,,,,,,,,,,,,,,,,,,,,,,,,,,,,,,,,,,,,,,,,,,,WARNING,Sleep debt - 3 dias consecutivos < 8h.,"{""id"": ""set_6512acb5006f"", ""state"": ""REDUCE"", ""hardwork_budget_hours"": 4.0, ""max_pomodoros_per_day"": 5, ""sleep_target_hours"": 8.0, ""qhe_target"": 0.65, ""break_minutes"": 15, ""allowed_phases"": [""SHALLOW_WORK"", ""RECOVERY""], ""description"": ""REDUCE regime: protect recovery. 4h hard work, 5 pomodoros, sleep 8h, Q_HE target 0.65."", ""created_at"": ""2026-06-08 17:53:51.713906""}",0,,0.55,M,1,true,2026-05-21T20:30:00+00:00,,,,
sleep_record,sle_2026_05_22,,,,,,,,,2026-05-22T05:00:00+00:00,,,,,,,,,2026-05-22,22:00:00,05:00:00,6,18.0,18.0,0,Sono curto (7h) - leve privacao.,MANUAL,7.0,,,,,,,,,,,,,,,,,,,,,,,,,,,,,,,,,,,,,,,,,,,,,,,,,,,,,,,,,,,,,,,,,,,,,,,,,,,,,
time_block,blk_demo_117_00_2026_05_22,,,,,,,,,2026-05-22T05:30:00+00:00,,,,,,,,,,,,,,,,,,,Deep Work,2026-05-22T05:30:00+00:00,2026-05-22T08:00:00+00:00,MANHA,,,,150,false,false,,,,,,,,,,,,,,,,,,,,,,,,,,,,,,,,,,,,,,,,,,,,,,,,,,,,,,,,,,,,,,,,,,,
routine_log,rlg_demo_117_00_2026_05_22,,,,,,,,,2026-05-22T22:00:00+00:00,,,,,,,,,2026-05-22,,,,,,,,,,,,,MANHA,rou_syn_117_2026_05_22,7,7,,,,,ENTRY,Rotina automatica (off=17),4,true,false,,,,,,,,,,,,,,,,,,,,,,,,,,,,,,,,,,,,,,,,,,,,,,,,,,,,,,,,,,,,,
journal_entry,jrn_demo_117_00_2026_05_22,,,,,,,,,2026-05-22T20:00:00+00:00,,,,,,,,,2026-05-22,,,,,,,,,,,,,,,6,6,,,,,,,,,,Dia off=17. Tipo curso. Energia 6/10. Foco 6/10. 6/8 pomodoros.,"[""MANHA"", ""NOITE"", ""TARDE""]",[],"[""Sono 7h (alvo 8h). Infracao LEVE.""]",[],[],"[""Sleep debt acumulando.""]",6,3,3,2026-06-08T20:53:51.713966+00:00,,,,,,,,,,,,,,,,,,,,,,,,,,,,,,,,,,,,,,,,,,,,,,,,,,
pomodoro_round,pom_demo_117_00_2026_05_22,,,,,,,,,,,COMPLETE,,,,,,,,,,,,,,,,,,,,,,,,,,,,,,,,,,,,,,,,,,,,1,2026-05-22T04:00:00+00:00,2026-05-22T05:00:00+00:00,0,60.0,true,false,,,,,,,,,,,,,,,,,,,,,,,,,,,,,,,,,,,,,,,,,,,
day_context,ctx_2026_05_22,,,,,,,,,2026-05-22T04:00:00+00:00,,,,,,,,,2026-05-22,,,,,,,,,,,,,,,,,,,,,,,,,,,,,,,,,,,,,,,,,,,,curso,240,200,8,6,true,false,Synthetic off=17,-40,83.33333333333334,,,,,,,,,,,,,,,,,,,,,,,,,,,,,,,,,
daily_reflection,ref_2026_05_22,,,,,,,,,2026-05-22T22:00:00+00:00,,,,,,,,,2026-05-22,,,,,,,,,,,,,,,,,,,,,,,,,,,,,,,,,,,,,,,,,,,,,,,,,,,,,,[],"[""Hidratar ao acordar""]","[""Meditacao matinal""]",,"[""Completou 6/8 pomodoros""]",[],Aprendizado do dia off=17.,[],regular,,,,,,,,,,,,,,,,,,,,,,,,
lunch_record,lun_2026_05_22,,,,,,,,,2026-05-22T12:05:00+00:00,,,,,,,,,2026-05-22,,,,,,,,,,,,,,,,,,,,,,,,,,,,,,,,,,,,,,,,,,,,,,,,,,,,,,,,,,,,,,,5,30,false,Almoco normal.,35,true,,,,,,,,,,,,,,,,,,
transicao,trn_t1_2026_05_22,,,,,,,,,2026-05-22T08:00:00+00:00,,,,,,,,,2026-05-22,,,,,,,,,,,,,,,,,,,,,,,,,,,,,,,,,,,,,,,,,,,,,,,,,,,,,,,,,,,,,,,,,,,,,T1,HYDRATION,15,true,,,,,,,,,,,,,,
transicao,trn_t2_2026_05_22,,,,,,,,,2026-05-22T09:00:00+00:00,,,,,,,,,2026-05-22,,,,,,,,,,,,,,,,,,,,,,,,,,,,,,,,,,,,,,,,,,,,,,,,,,,,,,,,,,,,,,,,,,,,,T2,MORNING,15,true,,,,,,,,,,,,,,
policy_decision,pol_demo_117_2026_05_22,,,,,,,,,2026-05-22T20:30:00+00:00,,REDUCE,,,,,,,2026-05-22,,,,,,,,,,,,,,,,,,,,,,,,,,,,,,,,,,,,,,,,,,,,,,,,,,,,,,,,,,,,,,,,,,,,,,,,,WARNING,Sleep debt - 3 dias consecutivos < 8h.,"{""id"": ""set_8a2ff262860a"", ""state"": ""REDUCE"", ""hardwork_budget_hours"": 4.0, ""max_pomodoros_per_day"": 5, ""sleep_target_hours"": 8.0, ""qhe_target"": 0.65, ""break_minutes"": 15, ""allowed_phases"": [""SHALLOW_WORK"", ""RECOVERY""], ""description"": ""REDUCE regime: protect recovery. 4h hard work, 5 pomodoros, sleep 8h, Q_HE target 0.65."", ""created_at"": ""2026-06-08 17:53:51.714019""}",0,,0.55,M,1,true,2026-05-22T20:30:00+00:00,,,,
sleep_record,sle_2026_05_23,,,,,,,,,2026-05-23T05:00:00+00:00,,,,,,,,,2026-05-23,22:00:00,05:00:00,6,18.0,18.0,0,Sono curto (7h) - leve privacao.,MANUAL,7.0,,,,,,,,,,,,,,,,,,,,,,,,,,,,,,,,,,,,,,,,,,,,,,,,,,,,,,,,,,,,,,,,,,,,,,,,,,,,,
time_block,blk_demo_116_00_2026_05_23,,,,,,,,,2026-05-23T05:30:00+00:00,,,,,,,,,,,,,,,,,,,Deep Work,2026-05-23T05:30:00+00:00,2026-05-23T08:00:00+00:00,MANHA,,,,150,false,false,,,,,,,,,,,,,,,,,,,,,,,,,,,,,,,,,,,,,,,,,,,,,,,,,,,,,,,,,,,,,,,,,,,
routine_log,rlg_demo_116_00_2026_05_23,,,,,,,,,2026-05-23T22:00:00+00:00,,,,,,,,,2026-05-23,,,,,,,,,,,,,MANHA,rou_syn_116_2026_05_23,7,7,,,,,ENTRY,Rotina automatica (off=16),4,true,false,,,,,,,,,,,,,,,,,,,,,,,,,,,,,,,,,,,,,,,,,,,,,,,,,,,,,,,,,,,,,
journal_entry,jrn_demo_116_00_2026_05_23,,,,,,,,,2026-05-23T20:00:00+00:00,,,,,,,,,2026-05-23,,,,,,,,,,,,,,,6,6,,,,,,,,,,Dia off=16. Tipo curso. Energia 6/10. Foco 6/10. 6/8 pomodoros.,"[""MANHA"", ""NOITE"", ""TARDE""]",[],"[""Sono 7h (alvo 8h). Infracao LEVE.""]",[],[],"[""Sleep debt acumulando.""]",6,3,3,2026-06-08T20:53:51.714076+00:00,,,,,,,,,,,,,,,,,,,,,,,,,,,,,,,,,,,,,,,,,,,,,,,,,,
pomodoro_round,pom_demo_116_00_2026_05_23,,,,,,,,,,,COMPLETE,,,,,,,,,,,,,,,,,,,,,,,,,,,,,,,,,,,,,,,,,,,,1,2026-05-23T04:00:00+00:00,2026-05-23T05:00:00+00:00,0,60.0,true,false,,,,,,,,,,,,,,,,,,,,,,,,,,,,,,,,,,,,,,,,,,,
day_context,ctx_2026_05_23,,,,,,,,,2026-05-23T04:00:00+00:00,,,,,,,,,2026-05-23,,,,,,,,,,,,,,,,,,,,,,,,,,,,,,,,,,,,,,,,,,,,curso,240,200,8,6,true,false,Synthetic off=16,-40,83.33333333333334,,,,,,,,,,,,,,,,,,,,,,,,,,,,,,,,,
daily_reflection,ref_2026_05_23,,,,,,,,,2026-05-23T22:00:00+00:00,,,,,,,,,2026-05-23,,,,,,,,,,,,,,,,,,,,,,,,,,,,,,,,,,,,,,,,,,,,,,,,,,,,,,[],"[""Hidratar ao acordar""]","[""Meditacao matinal""]",,"[""Completou 6/8 pomodoros""]",[],Aprendizado do dia off=16.,[],regular,,,,,,,,,,,,,,,,,,,,,,,,
lunch_record,lun_2026_05_23,,,,,,,,,2026-05-23T12:05:00+00:00,,,,,,,,,2026-05-23,,,,,,,,,,,,,,,,,,,,,,,,,,,,,,,,,,,,,,,,,,,,,,,,,,,,,,,,,,,,,,,5,30,false,Almoco normal.,35,true,,,,,,,,,,,,,,,,,,
transicao,trn_t1_2026_05_23,,,,,,,,,2026-05-23T08:00:00+00:00,,,,,,,,,2026-05-23,,,,,,,,,,,,,,,,,,,,,,,,,,,,,,,,,,,,,,,,,,,,,,,,,,,,,,,,,,,,,,,,,,,,,T1,HYDRATION,15,true,,,,,,,,,,,,,,
transicao,trn_t2_2026_05_23,,,,,,,,,2026-05-23T09:00:00+00:00,,,,,,,,,2026-05-23,,,,,,,,,,,,,,,,,,,,,,,,,,,,,,,,,,,,,,,,,,,,,,,,,,,,,,,,,,,,,,,,,,,,,T2,MORNING,15,true,,,,,,,,,,,,,,
policy_decision,pol_demo_116_2026_05_23,,,,,,,,,2026-05-23T20:30:00+00:00,,REDUCE,,,,,,,2026-05-23,,,,,,,,,,,,,,,,,,,,,,,,,,,,,,,,,,,,,,,,,,,,,,,,,,,,,,,,,,,,,,,,,,,,,,,,,WARNING,Sleep debt - 3 dias consecutivos < 8h.,"{""id"": ""set_05ab67411e23"", ""state"": ""REDUCE"", ""hardwork_budget_hours"": 4.0, ""max_pomodoros_per_day"": 5, ""sleep_target_hours"": 8.0, ""qhe_target"": 0.65, ""break_minutes"": 15, ""allowed_phases"": [""SHALLOW_WORK"", ""RECOVERY""], ""description"": ""REDUCE regime: protect recovery. 4h hard work, 5 pomodoros, sleep 8h, Q_HE target 0.65."", ""created_at"": ""2026-06-08 17:53:51.714130""}",0,,0.55,M,1,true,2026-05-23T20:30:00+00:00,,,,
sleep_record,sle_2026_05_24,,,,,,,,,2026-05-24T04:30:00+00:00,,,,,,,,,2026-05-24,23:00:00,04:30:00,4,16.0,14.0,4,Sono ruim. Acordei exausto.,MANUAL,5.5,,,,,,,,,,,,,,,,,,,,,,,,,,,,,,,,,,,,,,,,,,,,,,,,,,,,,,,,,,,,,,,,,,,,,,,,,,,,,
time_block,blk_demo_115_00_2026_05_24,,,,,,,,,2026-05-24T04:30:00+00:00,,,,,,,,,,,,,,,,,,,Deep Work,2026-05-24T04:30:00+00:00,2026-05-24T08:00:00+00:00,MANHA,,,,210,false,false,,,,,,,,,,,,,,,,,,,,,,,,,,,,,,,,,,,,,,,,,,,,,,,,,,,,,,,,,,,,,,,,,,,
routine_log,rlg_demo_115_00_2026_05_24,,,,,,,,,2026-05-24T22:00:00+00:00,,,,,,,,,2026-05-24,,,,,,,,,,,,,MANHA,rou_syn_115_2026_05_24,2,2,,,,,ENTRY,Rotina automatica (off=15),4,true,false,,,,,,,,,,,,,,,,,,,,,,,,,,,,,,,,,,,,,,,,,,,,,,,,,,,,,,,,,,,,,
journal_entry,jrn_demo_115_00_2026_05_24,,,,,,,,,2026-05-24T20:00:00+00:00,,,,,,,,,2026-05-24,,,,,,,,,,,,,,,1,1,,,,,,,,,,Dia off=15. Tipo curso. Energia 1/10. Foco 1/10. 1/8 pomodoros.,"[""MANHA"", ""NOITE"", ""TARDE""]",[],"[""Burnout total - foco 1/10.""]",[],[],"[""Parar tudo e descansar.""]",1,1,1,2026-06-08T20:53:51.714188+00:00,,,,,,,,,,,,,,,,,,,,,,,,,,,,,,,,,,,,,,,,,,,,,,,,,,
pomodoro_round,pom_demo_115_00_2026_05_24,,,,,,,,,,,COMPLETE,,,,,,,,,,,,,,,,,,,,,,,,,,,,,,,,,,,,,,,,,,,,1,2026-05-24T04:00:00+00:00,2026-05-24T05:00:00+00:00,0,60.0,true,false,,,,,,,,,,,,,,,,,,,,,,,,,,,,,,,,,,,,,,,,,,,
day_context,ctx_2026_05_24,,,,,,,,,2026-05-24T04:00:00+00:00,,,,,,,,,2026-05-24,,,,,,,,,,,,,,,,,,,,,,,,,,,,,,,,,,,,,,,,,,,,curso,240,60,8,1,true,false,Synthetic off=15,-180,25.0,,,,,,,,,,,,,,,,,,,,,,,,,,,,,,,,,
daily_reflection,ref_2026_05_24,,,,,,,,,2026-05-24T22:00:00+00:00,,,,,,,,,2026-05-24,,,,,,,,,,,,,,,,,,,,,,,,,,,,,,,,,,,,,,,,,,,,,,,,,,,,,,[],"[""Hidratar ao acordar""]","[""Meditacao matinal""]",,"[""Completou 1/8 pomodoros""]","[""Forcei alem da capacidade.""]",Burnout e real. Sinais ignorados.,[],critico,,,,,,,,,,,,,,,,,,,,,,,,
lunch_record,lun_2026_05_24,,,,,,,,,2026-05-24T12:05:00+00:00,,,,,,,,,2026-05-24,,,,,,,,,,,,,,,,,,,,,,,,,,,,,,,,,,,,,,,,,,,,,,,,,,,,,,,,,,,,,,,5,30,false,Almoco normal.,35,true,,,,,,,,,,,,,,,,,,
transicao,trn_t1_2026_05_24,,,,,,,,,2026-05-24T08:00:00+00:00,,,,,,,,,2026-05-24,,,,,,,,,,,,,,,,,,,,,,,,,,,,,,,,,,,,,,,,,,,,,,,,,,,,,,,,,,,,,,,,,,,,,T1,HYDRATION,15,true,,,,,,,,,,,,,,
transicao,trn_t2_2026_05_24,,,,,,,,,2026-05-24T09:00:00+00:00,,,,,,,,,2026-05-24,,,,,,,,,,,,,,,,,,,,,,,,,,,,,,,,,,,,,,,,,,,,,,,,,,,,,,,,,,,,,,,,,,,,,T2,MORNING,15,true,,,,,,,,,,,,,,
policy_decision,pol_demo_115_2026_05_24,,,,,,,,,2026-05-24T20:30:00+00:00,,RECOVER,,,,,,,2026-05-24,,,,,,,,,,,,,,,,,,,,,,,,,,,,,,,,,,,,,,,,,,,,,,,,,,,,,,,,,,,,,,,,,,,,,,,,,CRITICAL,Burnout - parar imediatamente.,"{""id"": ""set_2a67d30c41a5"", ""state"": ""RECOVER"", ""hardwork_budget_hours"": 2.0, ""max_pomodoros_per_day"": 2, ""sleep_target_hours"": 9.0, ""qhe_target"": 0.5, ""break_minutes"": 20, ""allowed_phases"": [""RECOVERY""], ""description"": ""RECOVER regime: hard stop. 2h hard work, 2 pomodoros, sleep 9h, Q_HE target 0.50."", ""created_at"": ""2026-06-08 17:53:51.714240""}",0,,0.35,L,1,true,2026-05-24T20:30:00+00:00,,,,
sleep_record,sle_2026_05_25,,,,,,,,,2026-05-25T04:00:00+00:00,,,,,,,,,2026-05-25,20:00:00,04:00:00,10,30.0,25.0,0,Sono perfeito.,MANUAL,8.0,,,,,,,,,,,,,,,,,,,,,,,,,,,,,,,,,,,,,,,,,,,,,,,,,,,,,,,,,,,,,,,,,,,,,,,,,,,,,
time_block,blk_demo_114_00_2026_05_25,,,,,,,,,2026-05-25T04:30:00+00:00,,,,,,,,,,,,,,,,,,,Deep Work Feature Critica,2026-05-25T04:30:00+00:00,2026-05-25T08:00:00+00:00,MANHA,,,,210,false,false,,,,,,,,,,,,,,,,,,,,,,,,,,,,,,,,,,,,,,,,,,,,,,,,,,,,,,,,,,,,,,,,,,,
routine_log,rlg_demo_114_00_2026_05_25,,,,,,,,,2026-05-25T22:00:00+00:00,,,,,,,,,2026-05-25,,,,,,,,,,,,,MANHA,rou_syn_114_2026_05_25,10,10,,,,,ENTRY,Rotina automatica (off=14),4,true,false,,,,,,,,,,,,,,,,,,,,,,,,,,,,,,,,,,,,,,,,,,,,,,,,,,,,,,,,,,,,,
journal_entry,jrn_demo_114_00_2026_05_25,,,,,,,,,2026-05-25T20:00:00+00:00,,,,,,,,,2026-05-25,,,,,,,,,,,,,,,10,10,,,,,,,,,,Dia off=14. Tipo livre. Energia 10/10. Foco 10/10. 12/12 pomodoros.,"[""MANHA"", ""NOITE"", ""TARDE""]",[],[],[],[],[],12,5,5,2026-06-08T20:53:51.714438+00:00,,,,,,,,,,,,,,,,,,,,,,,,,,,,,,,,,,,,,,,,,,,,,,,,,,
pomodoro_round,pom_demo_114_00_2026_05_25,,,,,,,,,,,COMPLETE,,,,,,,,,,,,,,,,,,,,,,,,,,,,,,,,,,,,,,,,,,,,1,2026-05-25T04:00:00+00:00,2026-05-25T05:00:00+00:00,0,60.0,true,false,,,,,,,,,,,,,,,,,,,,,,,,,,,,,,,,,,,,,,,,,,,
day_context,ctx_2026_05_25,,,,,,,,,2026-05-25T04:00:00+00:00,,,,,,,,,2026-05-25,,,,,,,,,,,,,,,,,,,,,,,,,,,,,,,,,,,,,,,,,,,,livre,540,540,12,12,false,false,Synthetic off=14,0,100.0,,,,,,,,,,,,,,,,,,,,,,,,,,,,,,,,,
daily_reflection,ref_2026_05_25,,,,,,,,,2026-05-25T22:00:00+00:00,,,,,,,,,2026-05-25,,,,,,,,,,,,,,,,,,,,,,,,,,,,,,,,,,,,,,,,,,,,,,,,,,,,,,[],"[""Hidratar ao acordar""]","[""Meditacao matinal""]",,"[""Flow state 4h seguidas.""]",[],10h sono = performance maxima.,[],bom,,,,,,,,,,,,,,,,,,,,,,,,
lunch_record,lun_2026_05_25,,,,,,,,,2026-05-25T12:05:00+00:00,,,,,,,,,2026-05-25,,,,,,,,,,,,,,,,,,,,,,,,,,,,,,,,,,,,,,,,,,,,,,,,,,,,,,,,,,,,,,,5,30,false,Almoco normal.,35,true,,,,,,,,,,,,,,,,,,
transicao,trn_t1_2026_05_25,,,,,,,,,2026-05-25T08:00:00+00:00,,,,,,,,,2026-05-25,,,,,,,,,,,,,,,,,,,,,,,,,,,,,,,,,,,,,,,,,,,,,,,,,,,,,,,,,,,,,,,,,,,,,T1,HYDRATION,15,true,,,,,,,,,,,,,,
transicao,trn_t2_2026_05_25,,,,,,,,,2026-05-25T09:00:00+00:00,,,,,,,,,2026-05-25,,,,,,,,,,,,,,,,,,,,,,,,,,,,,,,,,,,,,,,,,,,,,,,,,,,,,,,,,,,,,,,,,,,,,T2,MORNING,15,true,,,,,,,,,,,,,,
policy_decision,pol_demo_114_2026_05_25,,,,,,,,,2026-05-25T20:30:00+00:00,,PUSH,,,,,,,2026-05-25,,,,,,,,,,,,,,,,,,,,,,,,,,,,,,,,,,,,,,,,,,,,,,,,,,,,,,,,,,,,,,,,,,,,,,,,,INFO,Dia de pico. QHE maximo.,"{""id"": ""set_cf5ebcb89038"", ""state"": ""PUSH"", ""hardwork_budget_hours"": 8.0, ""max_pomodoros_per_day"": 10, ""sleep_target_hours"": 7.0, ""qhe_target"": 0.85, ""break_minutes"": 10, ""allowed_phases"": [""DEEP_WORK"", ""SHALLOW_WORK""], ""description"": ""PUSH regime: maximum focus. 8h hard work, 10 pomodoros, sleep 7h, Q_HE target 0.85."", ""created_at"": ""2026-06-08 17:53:51.714526""}",0,,0.92,H,0,true,2026-05-25T20:30:00+00:00,,,,
sleep_record,sle_2026_05_26,,,,,,,,,2026-05-26T04:00:00+00:00,,,,,,,,,2026-05-26,20:30:00,04:00:00,7,22.0,20.0,0,"Sono OK, mas dia fragmentado.",MANUAL,7.5,,,,,,,,,,,,,,,,,,,,,,,,,,,,,,,,,,,,,,,,,,,,,,,,,,,,,,,,,,,,,,,,,,,,,,,,,,,,,
time_block,blk_demo_113_00_2026_05_26,,,,,,,,,2026-05-26T04:00:00+00:00,,,,,,,,,,,,,,,,,,,Email + Planning,2026-05-26T04:00:00+00:00,2026-05-26T04:30:00+00:00,MANHA,,,,30,true,false,,,,,,,,,,,,,,,,,,,,,,,,,,,,,,,,,,,,,,,,,,,,,,,,,,,,,,,,,,,,,,,,,,,
time_block,blk_demo_113_01_2026_05_26,,,,,,,,,2026-05-26T04:45:00+00:00,,,,,,,,,,,,,,,,,,,Standup,2026-05-26T04:45:00+00:00,2026-05-26T09:00:00+00:00,MANHA,,,,255,false,false,,,,,,,,,,,,,,,,,,,,,,,,,,,,,,,,,,,,,,,,,,,,,,,,,,,,,,,,,,,,,,,,,,,
time_block,blk_demo_113_02_2026_05_26,,,,,,,,,2026-05-26T09:15:00+00:00,,,,,,,,,,,,,,,,,,,Code Review,2026-05-26T09:15:00+00:00,2026-05-26T10:00:00+00:00,MANHA,,,,45,false,false,,,,,,,,,,,,,,,,,,,,,,,,,,,,,,,,,,,,,,,,,,,,,,,,,,,,,,,,,,,,,,,,,,,
time_block,blk_demo_113_03_2026_05_26,,,,,,,,,2026-05-26T10:30:00+00:00,,,,,,,,,,,,,,,,,,,Sync 1:1,2026-05-26T10:30:00+00:00,2026-05-26T11:00:00+00:00,TARDE,,,,30,true,false,,,,,,,,,,,,,,,,,,,,,,,,,,,,,,,,,,,,,,,,,,,,,,,,,,,,,,,,,,,,,,,,,,,
time_block,blk_demo_113_04_2026_05_26,,,,,,,,,2026-05-26T11:15:00+00:00,,,,,,,,,,,,,,,,,,,Sync com Parceiro,2026-05-26T11:15:00+00:00,2026-05-26T12:00:00+00:00,TARDE,,,,45,true,false,,,,,,,,,,,,,,,,,,,,,,,,,,,,,,,,,,,,,,,,,,,,,,,,,,,,,,,,,,,,,,,,,,,
time_block,blk_demo_113_05_2026_05_26,,,,,,,,,2026-05-26T14:00:00+00:00,,,,,,,,,,,,,,,,,,,Code,2026-05-26T14:00:00+00:00,2026-05-26T16:00:00+00:00,TARDE,,,,120,true,false,,,,,,,,,,,,,,,,,,,,,,,,,,,,,,,,,,,,,,,,,,,,,,,,,,,,,,,,,,,,,,,,,,,
routine_log,rlg_demo_113_00_2026_05_26,,,,,,,,,2026-05-26T22:00:00+00:00,,,,,,,,,2026-05-26,,,,,,,,,,,,,MANHA,rou_syn_113_2026_05_26,7,7,,,,,ENTRY,Rotina automatica (off=13),4,true,false,,,,,,,,,,,,,,,,,,,,,,,,,,,,,,,,,,,,,,,,,,,,,,,,,,,,,,,,,,,,,
journal_entry,jrn_demo_113_00_2026_05_26,,,,,,,,,2026-05-26T20:00:00+00:00,,,,,,,,,2026-05-26,,,,,,,,,,,,,,,6,6,,,,,,,,,,Dia off=13. Tipo curso. Energia 6/10. Foco 6/10. 6/8 pomodoros.,"[""MANHA"", ""NOITE"", ""TARDE""]",[],"[""Agenda fragmentada por meetings.""]",[],[],[],6,4,4,2026-06-08T20:53:51.714666+00:00,,,,,,,,,,,,,,,,,,,,,,,,,,,,,,,,,,,,,,,,,,,,,,,,,,
pomodoro_round,pom_demo_113_00_2026_05_26,,,,,,,,,,,COMPLETE,,,,,,,,,,,,,,,,,,,,,,,,,,,,,,,,,,,,,,,,,,,,1,2026-05-26T04:00:00+00:00,2026-05-26T05:00:00+00:00,0,60.0,true,false,,,,,,,,,,,,,,,,,,,,,,,,,,,,,,,,,,,,,,,,,,,
day_context,ctx_2026_05_26,,,,,,,,,2026-05-26T04:00:00+00:00,,,,,,,,,2026-05-26,,,,,,,,,,,,,,,,,,,,,,,,,,,,,,,,,,,,,,,,,,,,curso,240,180,8,6,true,false,Synthetic off=13,-60,75.0,,,,,,,,,,,,,,,,,,,,,,,,,,,,,,,,,
daily_reflection,ref_2026_05_26,,,,,,,,,2026-05-26T22:00:00+00:00,,,,,,,,,2026-05-26,,,,,,,,,,,,,,,,,,,,,,,,,,,,,,,,,,,,,,,,,,,,,,,,,,,,,,[],"[""Hidratar ao acordar""]","[""Meditacao matinal""]",,"[""Completou 6/8 pomodoros""]","[""5+ blocos = perda de foco.""]",Aprendizado do dia off=13.,[],regular,,,,,,,,,,,,,,,,,,,,,,,,
lunch_record,lun_2026_05_26,,,,,,,,,2026-05-26T12:05:00+00:00,,,,,,,,,2026-05-26,,,,,,,,,,,,,,,,,,,,,,,,,,,,,,,,,,,,,,,,,,,,,,,,,,,,,,,,,,,,,,,5,30,false,Almoco normal.,35,true,,,,,,,,,,,,,,,,,,
transicao,trn_t1_2026_05_26,,,,,,,,,2026-05-26T08:00:00+00:00,,,,,,,,,2026-05-26,,,,,,,,,,,,,,,,,,,,,,,,,,,,,,,,,,,,,,,,,,,,,,,,,,,,,,,,,,,,,,,,,,,,,T1,HYDRATION,15,true,,,,,,,,,,,,,,
transicao,trn_t2_2026_05_26,,,,,,,,,2026-05-26T09:00:00+00:00,,,,,,,,,2026-05-26,,,,,,,,,,,,,,,,,,,,,,,,,,,,,,,,,,,,,,,,,,,,,,,,,,,,,,,,,,,,,,,,,,,,,T2,MORNING,15,true,,,,,,,,,,,,,,
policy_decision,pol_demo_113_2026_05_26,,,,,,,,,2026-05-26T20:30:00+00:00,,MAINTAIN,,,,,,,2026-05-26,,,,,,,,,,,,,,,,,,,,,,,,,,,,,,,,,,,,,,,,,,,,,,,,,,,,,,,,,,,,,,,,,,,,,,,,,INFO,Fragmentacao reduziu eficiencia.,"{""id"": ""set_c9c076927cb3"", ""state"": ""MAINTAIN"", ""hardwork_budget_hours"": 6.0, ""max_pomodoros_per_day"": 8, ""sleep_target_hours"": 8.0, ""qhe_target"": 0.75, ""break_minutes"": 10, ""allowed_phases"": [""DEEP_WORK"", ""SHALLOW_WORK""], ""description"": ""MAINTAIN regime: steady cadence. 6h hard work, 8 pomodoros, sleep 8h, Q_HE target 0.75."", ""created_at"": ""2026-06-08 17:53:51.714732""}",0,,0.78,M,1,true,2026-05-26T20:30:00+00:00,,,,
sleep_record,sle_2026_05_27,,,,,,,,,2026-05-27T04:00:00+00:00,,,,,,,,,2026-05-27,20:30:00,04:00:00,8,25.0,21.0,0,Sono normal.,MANUAL,7.5,,,,,,,,,,,,,,,,,,,,,,,,,,,,,,,,,,,,,,,,,,,,,,,,,,,,,,,,,,,,,,,,,,,,,,,,,,,,,
time_block,blk_demo_112_00_2026_05_27,,,,,,,,,2026-05-27T04:30:00+00:00,,,,,,,,,,,,,,,,,,,Deep Work,2026-05-27T04:30:00+00:00,2026-05-27T08:00:00+00:00,MANHA,,,,210,false,false,,,,,,,,,,,,,,,,,,,,,,,,,,,,,,,,,,,,,,,,,,,,,,,,,,,,,,,,,,,,,,,,,,,
routine_log,rlg_demo_112_00_2026_05_27,,,,,,,,,2026-05-27T22:00:00+00:00,,,,,,,,,2026-05-27,,,,,,,,,,,,,MANHA,rou_syn_112_2026_05_27,8,8,,,,,ENTRY,Rotina automatica (off=12),4,true,false,,,,,,,,,,,,,,,,,,,,,,,,,,,,,,,,,,,,,,,,,,,,,,,,,,,,,,,,,,,,,
ajuste_fino,adj_demo_112_00_2026_05_27,,,,,,,,,2026-05-27T20:00:00+00:00,,,,,,,,,2026-05-27,,,,,,,,,,,,,MANHA,,,,,,,,,,,,,,,,,,,,,,,,,,,,,,,,,,,,,,,,,,,,,,,,,,,,,,,,,,,,,,,,,,,,,,-60,Pulei bloco 1h - reuniao de emergencia.,,
journal_entry,jrn_demo_112_00_2026_05_27,,,,,,,,,2026-05-27T20:00:00+00:00,,,,,,,,,2026-05-27,,,,,,,,,,,,,,,7,7,,,,,,,,,,Dia off=12. Tipo curso. Energia 7/10. Foco 7/10. 6/8 pomodoros.,"[""MANHA"", ""NOITE"", ""TARDE""]",[],"[""Bloco 1h pulado - reuniao de emergencia.""]",[],[],[],6,4,4,2026-06-08T20:53:51.714813+00:00,,,,,,,,,,,,,,,,,,,,,,,,,,,,,,,,,,,,,,,,,,,,,,,,,,
pomodoro_round,pom_demo_112_00_2026_05_27,,,,,,,,,,,COMPLETE,,,,,,,,,,,,,,,,,,,,,,,,,,,,,,,,,,,,,,,,,,,,1,2026-05-27T04:00:00+00:00,2026-05-27T05:00:00+00:00,0,60.0,true,false,,,,,,,,,,,,,,,,,,,,,,,,,,,,,,,,,,,,,,,,,,,
day_context,ctx_2026_05_27,,,,,,,,,2026-05-27T04:00:00+00:00,,,,,,,,,2026-05-27,,,,,,,,,,,,,,,,,,,,,,,,,,,,,,,,,,,,,,,,,,,,curso,240,180,8,6,true,false,Synthetic off=12,-60,75.0,,,,,,,,,,,,,,,,,,,,,,,,,,,,,,,,,
daily_reflection,ref_2026_05_27,,,,,,,,,2026-05-27T22:00:00+00:00,,,,,,,,,2026-05-27,,,,,,,,,,,,,,,,,,,,,,,,,,,,,,,,,,,,,,,,,,,,,,,,,,,,,,[],"[""Hidratar ao acordar""]","[""Meditacao matinal""]",,"[""Completou 6/8 pomodoros""]",[],Reuniao de emergencia consumiu 1h.,[],bom,,,,,,,,,,,,,,,,,,,,,,,,
lunch_record,lun_2026_05_27,,,,,,,,,2026-05-27T12:05:00+00:00,,,,,,,,,2026-05-27,,,,,,,,,,,,,,,,,,,,,,,,,,,,,,,,,,,,,,,,,,,,,,,,,,,,,,,,,,,,,,,5,30,false,Almoco normal.,35,true,,,,,,,,,,,,,,,,,,
transicao,trn_t1_2026_05_27,,,,,,,,,2026-05-27T08:00:00+00:00,,,,,,,,,2026-05-27,,,,,,,,,,,,,,,,,,,,,,,,,,,,,,,,,,,,,,,,,,,,,,,,,,,,,,,,,,,,,,,,,,,,,T1,HYDRATION,15,true,,,,,,,,,,,,,,
transicao,trn_t2_2026_05_27,,,,,,,,,2026-05-27T09:00:00+00:00,,,,,,,,,2026-05-27,,,,,,,,,,,,,,,,,,,,,,,,,,,,,,,,,,,,,,,,,,,,,,,,,,,,,,,,,,,,,,,,,,,,,T2,MORNING,15,true,,,,,,,,,,,,,,
policy_decision,pol_demo_112_2026_05_27,,,,,,,,,2026-05-27T20:30:00+00:00,,REDUCE,,,,,,,2026-05-27,,,,,,,,,,,,,,,,,,,,,,,,,,,,,,,,,,,,,,,,,,,,,,,,,,,,,,,,,,,,,,,,,,,,,,,,,INFO,Reuniao nao-planejada consumiu 1h.,"{""id"": ""set_939048723127"", ""state"": ""REDUCE"", ""hardwork_budget_hours"": 4.0, ""max_pomodoros_per_day"": 5, ""sleep_target_hours"": 8.0, ""qhe_target"": 0.65, ""break_minutes"": 15, ""allowed_phases"": [""SHALLOW_WORK"", ""RECOVERY""], ""description"": ""REDUCE regime: protect recovery. 4h hard work, 5 pomodoros, sleep 8h, Q_HE target 0.65."", ""created_at"": ""2026-06-08 17:53:51.714881""}",0,,0.55,H,1,true,2026-05-27T20:30:00+00:00,,,,
sleep_record,sle_2026_05_28,,,,,,,,,2026-05-28T04:00:00+00:00,,,,,,,,,2026-05-28,20:30:00,04:00:00,8,25.0,21.0,0,Sono normal.,MANUAL,7.5,,,,,,,,,,,,,,,,,,,,,,,,,,,,,,,,,,,,,,,,,,,,,,,,,,,,,,,,,,,,,,,,,,,,,,,,,,,,,
time_block,blk_demo_111_00_2026_05_28,,,,,,,,,2026-05-28T04:30:00+00:00,,,,,,,,,,,,,,,,,,,Deep Work,2026-05-28T04:30:00+00:00,2026-05-28T08:00:00+00:00,MANHA,,,,210,false,false,,,,,,,,,,,,,,,,,,,,,,,,,,,,,,,,,,,,,,,,,,,,,,,,,,,,,,,,,,,,,,,,,,,
routine_log,rlg_demo_111_00_2026_05_28,,,,,,,,,2026-05-28T22:00:00+00:00,,,,,,,,,2026-05-28,,,,,,,,,,,,,MANHA,rou_syn_111_2026_05_28,9,9,,,,,ENTRY,Rotina automatica (off=11),4,true,false,,,,,,,,,,,,,,,,,,,,,,,,,,,,,,,,,,,,,,,,,,,,,,,,,,,,,,,,,,,,,
ajuste_fino,adj_demo_111_00_2026_05_28,,,,,,,,,2026-05-28T20:00:00+00:00,,,,,,,,,2026-05-28,,,,,,,,,,,,,TARDE,,,,,,,,,,,,,,,,,,,,,,,,,,,,,,,,,,,,,,,,,,,,,,,,,,,,,,,,,,,,,,,,,,,,,,30,Estendi bloco tarde +30min - flow state.,,
journal_entry,jrn_demo_111_00_2026_05_28,,,,,,,,,2026-05-28T20:00:00+00:00,,,,,,,,,2026-05-28,,,,,,,,,,,,,,,8,8,,,,,,,,,,Dia off=11. Tipo curso. Energia 8/10. Foco 8/10. 9/8 pomodoros.,"[""MANHA"", ""NOITE"", ""TARDE""]",[],[],[],[],[],9,4,5,2026-06-08T20:53:51.714956+00:00,,,,,,,,,,,,,,,,,,,,,,,,,,,,,,,,,,,,,,,,,,,,,,,,,,
pomodoro_round,pom_demo_111_00_2026_05_28,,,,,,,,,,,COMPLETE,,,,,,,,,,,,,,,,,,,,,,,,,,,,,,,,,,,,,,,,,,,,1,2026-05-28T04:00:00+00:00,2026-05-28T05:00:00+00:00,0,60.0,true,false,,,,,,,,,,,,,,,,,,,,,,,,,,,,,,,,,,,,,,,,,,,
day_context,ctx_2026_05_28,,,,,,,,,2026-05-28T04:00:00+00:00,,,,,,,,,2026-05-28,,,,,,,,,,,,,,,,,,,,,,,,,,,,,,,,,,,,,,,,,,,,curso,240,270,8,9,true,false,Synthetic off=11,30,100.0,,,,,,,,,,,,,,,,,,,,,,,,,,,,,,,,,
daily_reflection,ref_2026_05_28,,,,,,,,,2026-05-28T22:00:00+00:00,,,,,,,,,2026-05-28,,,,,,,,,,,,,,,,,,,,,,,,,,,,,,,,,,,,,,,,,,,,,,,,,,,,,,[],"[""Hidratar ao acordar""]","[""Meditacao matinal""]",,"[""Estendi foco 30min alem do orcado.""]",[],Estender foco em flow vale a pena.,[],bom,,,,,,,,,,,,,,,,,,,,,,,,
lunch_record,lun_2026_05_28,,,,,,,,,2026-05-28T12:05:00+00:00,,,,,,,,,2026-05-28,,,,,,,,,,,,,,,,,,,,,,,,,,,,,,,,,,,,,,,,,,,,,,,,,,,,,,,,,,,,,,,5,30,false,Almoco normal.,35,true,,,,,,,,,,,,,,,,,,
transicao,trn_t1_2026_05_28,,,,,,,,,2026-05-28T08:00:00+00:00,,,,,,,,,2026-05-28,,,,,,,,,,,,,,,,,,,,,,,,,,,,,,,,,,,,,,,,,,,,,,,,,,,,,,,,,,,,,,,,,,,,,T1,HYDRATION,15,true,,,,,,,,,,,,,,
transicao,trn_t2_2026_05_28,,,,,,,,,2026-05-28T09:00:00+00:00,,,,,,,,,2026-05-28,,,,,,,,,,,,,,,,,,,,,,,,,,,,,,,,,,,,,,,,,,,,,,,,,,,,,,,,,,,,,,,,,,,,,T2,MORNING,15,true,,,,,,,,,,,,,,
policy_decision,pol_demo_111_2026_05_28,,,,,,,,,2026-05-28T20:30:00+00:00,,PUSH,,,,,,,2026-05-28,,,,,,,,,,,,,,,,,,,,,,,,,,,,,,,,,,,,,,,,,,,,,,,,,,,,,,,,,,,,,,,,,,,,,,,,,INFO,Estendeu foco alem do orcado.,"{""id"": ""set_5f755de6e17a"", ""state"": ""PUSH"", ""hardwork_budget_hours"": 8.0, ""max_pomodoros_per_day"": 10, ""sleep_target_hours"": 7.0, ""qhe_target"": 0.85, ""break_minutes"": 10, ""allowed_phases"": [""DEEP_WORK"", ""SHALLOW_WORK""], ""description"": ""PUSH regime: maximum focus. 8h hard work, 10 pomodoros, sleep 7h, Q_HE target 0.85."", ""created_at"": ""2026-06-08 17:53:51.715015""}",0,,0.92,H,0,true,2026-05-28T20:30:00+00:00,,,,
sleep_record,sle_2026_05_29,,,,,,,,,2026-05-29T04:00:00+00:00,,,,,,,,,2026-05-29,20:00:00,04:00:00,9,28.0,22.0,0,Sono excelente.,MANUAL,8.0,,,,,,,,,,,,,,,,,,,,,,,,,,,,,,,,,,,,,,,,,,,,,,,,,,,,,,,,,,,,,,,,,,,,,,,,,,,,,
time_block,blk_demo_110_00_2026_05_29,,,,,,,,,2026-05-29T04:30:00+00:00,,,,,,,,,,,,,,,,,,,Deep Work,2026-05-29T04:30:00+00:00,2026-05-29T08:00:00+00:00,MANHA,,,,210,false,false,,,,,,,,,,,,,,,,,,,,,,,,,,,,,,,,,,,,,,,,,,,,,,,,,,,,,,,,,,,,,,,,,,,
routine_log,rlg_demo_110_00_2026_05_29,,,,,,,,,2026-05-29T22:00:00+00:00,,,,,,,,,2026-05-29,,,,,,,,,,,,,MANHA,rou_syn_110_2026_05_29,10,10,,,,,ENTRY,Rotina automatica (off=10),4,true,false,,,,,,,,,,,,,,,,,,,,,,,,,,,,,,,,,,,,,,,,,,,,,,,,,,,,,,,,,,,,,
journal_entry,jrn_demo_110_00_2026_05_29,,,,,,,,,2026-05-29T20:00:00+00:00,,,,,,,,,2026-05-29,,,,,,,,,,,,,,,9,9,,,,,,,,,,Dia off=10. Tipo livre. Energia 9/10. Foco 9/10. 12/12 pomodoros.,"[""MANHA"", ""NOITE"", ""TARDE""]",[],[],[],[],[],12,5,5,2026-06-08T20:53:51.715080+00:00,,,,,,,,,,,,,,,,,,,,,,,,,,,,,,,,,,,,,,,,,,,,,,,,,,
pomodoro_round,pom_demo_110_00_2026_05_29,,,,,,,,,,,COMPLETE,,,,,,,,,,,,,,,,,,,,,,,,,,,,,,,,,,,,,,,,,,,,1,2026-05-29T04:00:00+00:00,2026-05-29T05:00:00+00:00,0,60.0,true,false,,,,,,,,,,,,,,,,,,,,,,,,,,,,,,,,,,,,,,,,,,,
day_context,ctx_2026_05_29,,,,,,,,,2026-05-29T04:00:00+00:00,,,,,,,,,2026-05-29,,,,,,,,,,,,,,,,,,,,,,,,,,,,,,,,,,,,,,,,,,,,livre,540,540,12,12,false,false,Synthetic off=10,0,100.0,,,,,,,,,,,,,,,,,,,,,,,,,,,,,,,,,
daily_reflection,ref_2026_05_29,,,,,,,,,2026-05-29T22:00:00+00:00,,,,,,,,,2026-05-29,,,,,,,,,,,,,,,,,,,,,,,,,,,,,,,,,,,,,,,,,,,,,,,,,,,,,,[],"[""Hidratar ao acordar""]","[""Meditacao matinal""]",,"[""12/12 pomodoros - golden day.""]",[],Sono 8h + sem curso = maxima produtividade.,[],bom,,,,,,,,,,,,,,,,,,,,,,,,
lunch_record,lun_2026_05_29,,,,,,,,,2026-05-29T12:05:00+00:00,,,,,,,,,2026-05-29,,,,,,,,,,,,,,,,,,,,,,,,,,,,,,,,,,,,,,,,,,,,,,,,,,,,,,,,,,,,,,,5,30,false,Almoco normal.,35,true,,,,,,,,,,,,,,,,,,
transicao,trn_t1_2026_05_29,,,,,,,,,2026-05-29T08:00:00+00:00,,,,,,,,,2026-05-29,,,,,,,,,,,,,,,,,,,,,,,,,,,,,,,,,,,,,,,,,,,,,,,,,,,,,,,,,,,,,,,,,,,,,T1,HYDRATION,15,true,,,,,,,,,,,,,,
transicao,trn_t2_2026_05_29,,,,,,,,,2026-05-29T09:00:00+00:00,,,,,,,,,2026-05-29,,,,,,,,,,,,,,,,,,,,,,,,,,,,,,,,,,,,,,,,,,,,,,,,,,,,,,,,,,,,,,,,,,,,,T2,MORNING,15,true,,,,,,,,,,,,,,
policy_decision,pol_demo_110_2026_05_29,,,,,,,,,2026-05-29T20:30:00+00:00,,PUSH,,,,,,,2026-05-29,,,,,,,,,,,,,,,,,,,,,,,,,,,,,,,,,,,,,,,,,,,,,,,,,,,,,,,,,,,,,,,,,,,,,,,,,INFO,Golden day - 12/12 pomodoros.,"{""id"": ""set_db293fd0c241"", ""state"": ""PUSH"", ""hardwork_budget_hours"": 8.0, ""max_pomodoros_per_day"": 10, ""sleep_target_hours"": 7.0, ""qhe_target"": 0.85, ""break_minutes"": 10, ""allowed_phases"": [""DEEP_WORK"", ""SHALLOW_WORK""], ""description"": ""PUSH regime: maximum focus. 8h hard work, 10 pomodoros, sleep 7h, Q_HE target 0.85."", ""created_at"": ""2026-06-08 17:53:51.715136""}",0,,0.92,H,0,true,2026-05-29T20:30:00+00:00,,,,
sleep_record,sle_2026_05_30,,,,,,,,,2026-05-30T07:00:00+00:00,,,,,,,,,2026-05-30,01:00:00,07:00:00,3,15.0,12.0,3,Sono 6h mas qualidade 3 - fragmentado.,MANUAL,6.0,,,,,,,,,,,,,,,,,,,,,,,,,,,,,,,,,,,,,,,,,,,,,,,,,,,,,,,,,,,,,,,,,,,,,,,,,,,,,
time_block,blk_demo_109_00_2026_05_30,,,,,,,,,2026-05-30T07:30:00+00:00,,,,,,,,,,,,,,,,,,,Deep Work,2026-05-30T07:30:00+00:00,2026-05-30T08:00:00+00:00,MANHA,,,,30,false,false,,,,,,,,,,,,,,,,,,,,,,,,,,,,,,,,,,,,,,,,,,,,,,,,,,,,,,,,,,,,,,,,,,,
routine_log,rlg_demo_109_00_2026_05_30,,,,,,,,,2026-05-30T22:00:00+00:00,,,,,,,,,2026-05-30,,,,,,,,,,,,,MANHA,rou_syn_109_2026_05_30,3,4,,,,,ENTRY,Rotina automatica (off=9),4,true,false,,,,,,,,,,,,,,,,,,,,,,,,,,,,,,,,,,,,,,,,,,,,,,,,,,,,,,,,,,,,,
journal_entry,jrn_demo_109_00_2026_05_30,,,,,,,,,2026-05-30T20:00:00+00:00,,,,,,,,,2026-05-30,,,,,,,,,,,,,,,2,3,,,,,,,,,,Dia off=9. Tipo curso. Energia 2/10. Foco 3/10. 0/8 pomodoros.,"[""MANHA"", ""NOITE"", ""TARDE""]",[],"[""0/8 pomodoros. Falha total.""]",[],[],[],0,1,1,2026-06-08T20:53:51.715201+00:00,,,,,,,,,,,,,,,,,,,,,,,,,,,,,,,,,,,,,,,,,,,,,,,,,,
day_context,ctx_2026_05_30,,,,,,,,,2026-05-30T04:00:00+00:00,,,,,,,,,2026-05-30,,,,,,,,,,,,,,,,,,,,,,,,,,,,,,,,,,,,,,,,,,,,curso,240,30,8,0,true,false,Synthetic off=9,-210,12.5,,,,,,,,,,,,,,,,,,,,,,,,,,,,,,,,,
daily_reflection,ref_2026_05_30,,,,,,,,,2026-05-30T22:00:00+00:00,,,,,,,,,2026-05-30,,,,,,,,,,,,,,,,,,,,,,,,,,,,,,,,,,,,,,,,,,,,,,,,,,,,,,[],"[""Hidratar ao acordar""]","[""Meditacao matinal""]",,"[""Completou 0/8 pomodoros""]","[""Internet caiu 2h e desisti.""]",Falhas acontecem - voltar amanha.,[],critico,,,,,,,,,,,,,,,,,,,,,,,,
lunch_record,lun_2026_05_30,,,,,,,,,2026-05-30T12:05:00+00:00,,,,,,,,,2026-05-30,,,,,,,,,,,,,,,,,,,,,,,,,,,,,,,,,,,,,,,,,,,,,,,,,,,,,,,,,,,,,,,5,30,false,Almoco normal.,35,true,,,,,,,,,,,,,,,,,,
transicao,trn_t1_2026_05_30,,,,,,,,,2026-05-30T08:00:00+00:00,,,,,,,,,2026-05-30,,,,,,,,,,,,,,,,,,,,,,,,,,,,,,,,,,,,,,,,,,,,,,,,,,,,,,,,,,,,,,,,,,,,,T1,HYDRATION,15,true,,,,,,,,,,,,,,
transicao,trn_t2_2026_05_30,,,,,,,,,2026-05-30T09:00:00+00:00,,,,,,,,,2026-05-30,,,,,,,,,,,,,,,,,,,,,,,,,,,,,,,,,,,,,,,,,,,,,,,,,,,,,,,,,,,,,,,,,,,,,T2,MORNING,15,true,,,,,,,,,,,,,,
policy_decision,pol_demo_109_2026_05_30,,,,,,,,,2026-05-30T20:30:00+00:00,,RECOVER,,,,,,,2026-05-30,,,,,,,,,,,,,,,,,,,,,,,,,,,,,,,,,,,,,,,,,,,,,,,,,,,,,,,,,,,,,,,,,,,,,,,,,CRITICAL,Falha total 0/8 - recuperacao forcada.,"{""id"": ""set_29a0d208da40"", ""state"": ""RECOVER"", ""hardwork_budget_hours"": 2.0, ""max_pomodoros_per_day"": 2, ""sleep_target_hours"": 9.0, ""qhe_target"": 0.5, ""break_minutes"": 20, ""allowed_phases"": [""RECOVERY""], ""description"": ""RECOVER regime: hard stop. 2h hard work, 2 pomodoros, sleep 9h, Q_HE target 0.50."", ""created_at"": ""2026-06-08 17:53:51.715249""}",0,,0.35,L,1,true,2026-05-30T20:30:00+00:00,,,,
sleep_record,sle_2026_05_31,,,,,,,,,2026-05-31T05:00:00+00:00,,,,,,,,,2026-05-31,22:00:00,05:00:00,6,18.0,18.0,0,Sono leve.,MANUAL,,,,,,,,,,,,,,,,,,,,,,,,,,,,,,,,,,,,,,,,,,,,,,,,,,,,,,,,,,,,,,,,,,,,,,,,,,,,,,
time_block,blk_demo_108_00_2026_05_31,,,,,,,,,2026-05-31T05:30:00+00:00,,,,,,,,,,,,,,,,,,,Deep Work,2026-05-31T05:30:00+00:00,2026-05-31T08:00:00+00:00,MANHA,,,,150,false,false,,,,,,,,,,,,,,,,,,,,,,,,,,,,,,,,,,,,,,,,,,,,,,,,,,,,,,,,,,,,,,,,,,,
routine_log,rlg_demo_108_00_2026_05_31,,,,,,,,,2026-05-31T22:00:00+00:00,,,,,,,,,2026-05-31,,,,,,,,,,,,,MANHA,rou_syn_108_2026_05_31,7,7,,,,,ENTRY,Rotina automatica (off=8),4,true,false,,,,,,,,,,,,,,,,,,,,,,,,,,,,,,,,,,,,,,,,,,,,,,,,,,,,,,,,,,,,,
journal_entry,jrn_demo_108_00_2026_05_31,,,,,,,,,2026-05-31T20:00:00+00:00,,,,,,,,,2026-05-31,,,,,,,,,,,,,,,6,6,,,,,,,,,,Dia off=8. Tipo curso. Energia 6/10. Foco 6/10. 5/8 pomodoros.,"[""MANHA"", ""NOITE"", ""TARDE""]",[],"[""6 transicoes puladas.""]",[],[],[],5,3,3,2026-06-08T20:53:51.715325+00:00,,,,,,,,,,,,,,,,,,,,,,,,,,,,,,,,,,,,,,,,,,,,,,,,,,
pomodoro_round,pom_demo_108_00_2026_05_31,,,,,,,,,,,COMPLETE,,,,,,,,,,,,,,,,,,,,,,,,,,,,,,,,,,,,,,,,,,,,1,2026-05-31T04:00:00+00:00,2026-05-31T05:00:00+00:00,0,60.0,true,false,,,,,,,,,,,,,,,,,,,,,,,,,,,,,,,,,,,,,,,,,,,
day_context,ctx_2026_05_31,,,,,,,,,2026-05-31T04:00:00+00:00,,,,,,,,,2026-05-31,,,,,,,,,,,,,,,,,,,,,,,,,,,,,,,,,,,,,,,,,,,,curso,240,150,8,5,true,false,Synthetic off=8,-90,62.5,,,,,,,,,,,,,,,,,,,,,,,,,,,,,,,,,
daily_reflection,ref_2026_05_31,,,,,,,,,2026-05-31T22:00:00+00:00,,,,,,,,,2026-05-31,,,,,,,,,,,,,,,,,,,,,,,,,,,,,,,,,,,,,,,,,,,,,,,,,,,,,,[],"[""Hidratar ao acordar""]","[""Meditacao matinal""]",,"[""Completou 5/8 pomodoros""]","[""Pulei 6 rituais de transicao.""]",Aprendizado do dia off=8.,[],regular,,,,,,,,,,,,,,,,,,,,,,,,
lunch_record,lun_2026_05_31,,,,,,,,,2026-05-31T12:05:00+00:00,,,,,,,,,2026-05-31,,,,,,,,,,,,,,,,,,,,,,,,,,,,,,,,,,,,,,,,,,,,,,,,,,,,,,,,,,,,,,,5,30,false,Almoco normal.,35,true,,,,,,,,,,,,,,,,,,
transicao,trn_t1_2026_05_31,,,,,,,,,2026-05-31T08:00:00+00:00,,,,,,,,,2026-05-31,,,,,,,,,,,,,,,,,,,,,,,,,,,,,,,,,,,,,,,,,,,,,,,,,,,,,,,,,,,,,,,,,,,,,T1,HYDRATION,15,true,,,,,,,,,,,,,,
transicao,trn_t2_2026_05_31,,,,,,,,,2026-05-31T09:00:00+00:00,,,,,,,,,2026-05-31,,,,,,,,,,,,,,,,,,,,,,,,,,,,,,,,,,,,,,,,,,,,,,,,,,,,,,,,,,,,,,,,,,,,,T2,MORNING,15,true,,,,,,,,,,,,,,
policy_decision,pol_demo_108_2026_05_31,,,,,,,,,2026-05-31T20:30:00+00:00,,MAINTAIN,,,,,,,2026-05-31,,,,,,,,,,,,,,,,,,,,,,,,,,,,,,,,,,,,,,,,,,,,,,,,,,,,,,,,,,,,,,,,,,,,,,,,,INFO,Dia normal.,"{""id"": ""set_d1c33b5e4efe"", ""state"": ""MAINTAIN"", ""hardwork_budget_hours"": 6.0, ""max_pomodoros_per_day"": 8, ""sleep_target_hours"": 8.0, ""qhe_target"": 0.75, ""break_minutes"": 10, ""allowed_phases"": [""DEEP_WORK"", ""SHALLOW_WORK""], ""description"": ""MAINTAIN regime: steady cadence. 6h hard work, 8 pomodoros, sleep 8h, Q_HE target 0.75."", ""created_at"": ""2026-06-08 17:53:51.715387""}",0,,0.78,M,1,true,2026-05-31T20:30:00+00:00,,,,
sleep_record,sle_2026_06_01,,,,,,,,,2026-06-01T04:04:00+00:00,,,,,,,,,2026-06-01,20:52:00,04:04:00,7,30.494340483147866,19.859263877470564,2,Sono normal.,MANUAL,7.2,,,,,,,,,,,,,,,,,,,,,,,,,,,,,,,,,,,,,,,,,,,,,,,,,,,,,,,,,,,,,,,,,,,,,,,,,,,,,
time_block,blk_demo_107_00_2026_06_01,,,,,,,,,2026-06-01T04:30:00+00:00,,,,,,,,,,,,,,,,,,,Deep Work,2026-06-01T04:30:00+00:00,2026-06-01T08:00:00+00:00,MANHA,,,,210,false,false,,,,,,,,,,,,,,,,,,,,,,,,,,,,,,,,,,,,,,,,,,,,,,,,,,,,,,,,,,,,,,,,,,,
routine_log,rlg_demo_107_00_2026_06_01,,,,,,,,,2026-06-01T22:00:00+00:00,,,,,,,,,2026-06-01,,,,,,,,,,,,,MANHA,rou_syn_107_2026_06_01,8,8,,,,,ENTRY,Rotina automatica (off=7),4,true,false,,,,,,,,,,,,,,,,,,,,,,,,,,,,,,,,,,,,,,,,,,,,,,,,,,,,,,,,,,,,,
journal_entry,jrn_demo_107_00_2026_06_01,,,,,,,,,2026-06-01T20:00:00+00:00,,,,,,,,,2026-06-01,,,,,,,,,,,,,,,7,7,,,,,,,,,,Dia off=7. Tipo curso. Energia 7/10. Foco 7/10. 6/8 pomodoros.,"[""MANHA"", ""NOITE"", ""TARDE""]",[],[],[],[],"[""Manter consistencia.""]",6,3,4,2026-06-08T20:53:51.715461+00:00,,,,,,,,,,,,,,,,,,,,,,,,,,,,,,,,,,,,,,,,,,,,,,,,,,
pomodoro_round,pom_demo_107_00_2026_06_01,,,,,,,,,,,COMPLETE,,,,,,,,,,,,,,,,,,,,,,,,,,,,,,,,,,,,,,,,,,,,1,2026-06-01T04:00:00+00:00,2026-06-01T05:00:00+00:00,0,60.0,true,false,,,,,,,,,,,,,,,,,,,,,,,,,,,,,,,,,,,,,,,,,,,
day_context,ctx_2026_06_01,,,,,,,,,2026-06-01T04:00:00+00:00,,,,,,,,,2026-06-01,,,,,,,,,,,,,,,,,,,,,,,,,,,,,,,,,,,,,,,,,,,,curso,240,225,8,6,true,false,Synthetic off=7,-15,93.75,,,,,,,,,,,,,,,,,,,,,,,,,,,,,,,,,
daily_reflection,ref_2026_06_01,,,,,,,,,2026-06-01T22:00:00+00:00,,,,,,,,,2026-06-01,,,,,,,,,,,,,,,,,,,,,,,,,,,,,,,,,,,,,,,,,,,,,,,,,,,,,,[],"[""Hidratar ao acordar""]","[""Meditacao matinal""]",,"[""Completou 6/8 pomodoros""]",[],Aprendizado do dia off=7.,[],bom,,,,,,,,,,,,,,,,,,,,,,,,
lunch_record,lun_2026_06_01,,,,,,,,,2026-06-01T12:05:00+00:00,,,,,,,,,2026-06-01,,,,,,,,,,,,,,,,,,,,,,,,,,,,,,,,,,,,,,,,,,,,,,,,,,,,,,,,,,,,,,,5,30,false,Almoco normal.,35,true,,,,,,,,,,,,,,,,,,
transicao,trn_t1_2026_06_01,,,,,,,,,2026-06-01T08:00:00+00:00,,,,,,,,,2026-06-01,,,,,,,,,,,,,,,,,,,,,,,,,,,,,,,,,,,,,,,,,,,,,,,,,,,,,,,,,,,,,,,,,,,,,T1,HYDRATION,15,true,,,,,,,,,,,,,,
transicao,trn_t2_2026_06_01,,,,,,,,,2026-06-01T09:00:00+00:00,,,,,,,,,2026-06-01,,,,,,,,,,,,,,,,,,,,,,,,,,,,,,,,,,,,,,,,,,,,,,,,,,,,,,,,,,,,,,,,,,,,,T2,MORNING,15,true,,,,,,,,,,,,,,
policy_decision,pol_demo_107_2026_06_01,,,,,,,,,2026-06-01T20:30:00+00:00,,MAINTAIN,,,,,,,2026-06-01,,,,,,,,,,,,,,,,,,,,,,,,,,,,,,,,,,,,,,,,,,,,,,,,,,,,,,,,,,,,,,,,,,,,,,,,,INFO,Dia estavel - Q2.,"{""id"": ""set_21a1f2f8966b"", ""state"": ""MAINTAIN"", ""hardwork_budget_hours"": 6.0, ""max_pomodoros_per_day"": 8, ""sleep_target_hours"": 8.0, ""qhe_target"": 0.75, ""break_minutes"": 10, ""allowed_phases"": [""DEEP_WORK"", ""SHALLOW_WORK""], ""description"": ""MAINTAIN regime: steady cadence. 6h hard work, 8 pomodoros, sleep 8h, Q_HE target 0.75."", ""created_at"": ""2026-06-08 17:53:51.715515""}",0,,0.78,H,0,true,2026-06-01T20:30:00+00:00,,,,
sleep_record,sle_2026_06_02,,,,,,,,,2026-06-02T04:09:00+00:00,,,,,,,,,2026-06-02,20:47:00,04:09:00,8,29.777393543089108,22.48282171117228,1,Sono normal.,MANUAL,7.366666666666666,,,,,,,,,,,,,,,,,,,,,,,,,,,,,,,,,,,,,,,,,,,,,,,,,,,,,,,,,,,,,,,,,,,,,,,,,,,,,
time_block,blk_demo_106_00_2026_06_02,,,,,,,,,2026-06-02T04:30:00+00:00,,,,,,,,,,,,,,,,,,,Deep Work,2026-06-02T04:30:00+00:00,2026-06-02T08:00:00+00:00,MANHA,,,,210,false,false,,,,,,,,,,,,,,,,,,,,,,,,,,,,,,,,,,,,,,,,,,,,,,,,,,,,,,,,,,,,,,,,,,,
routine_log,rlg_demo_106_00_2026_06_02,,,,,,,,,2026-06-02T22:00:00+00:00,,,,,,,,,2026-06-02,,,,,,,,,,,,,MANHA,rou_syn_106_2026_06_02,10,10,,,,,ENTRY,Rotina automatica (off=6),4,true,false,,,,,,,,,,,,,,,,,,,,,,,,,,,,,,,,,,,,,,,,,,,,,,,,,,,,,,,,,,,,,
journal_entry,jrn_demo_106_00_2026_06_02,,,,,,,,,2026-06-02T20:00:00+00:00,,,,,,,,,2026-06-02,,,,,,,,,,,,,,,9,9,,,,,,,,,,Dia off=6. Tipo curso. Energia 9/10. Foco 9/10. 7/8 pomodoros.,"[""MANHA"", ""NOITE"", ""TARDE""]",[],[],[],[],[],7,4,5,2026-06-08T20:53:51.715585+00:00,,,,,,,,,,,,,,,,,,,,,,,,,,,,,,,,,,,,,,,,,,,,,,,,,,
pomodoro_round,pom_demo_106_00_2026_06_02,,,,,,,,,,,COMPLETE,,,,,,,,,,,,,,,,,,,,,,,,,,,,,,,,,,,,,,,,,,,,1,2026-06-02T04:00:00+00:00,2026-06-02T05:00:00+00:00,0,60.0,true,false,,,,,,,,,,,,,,,,,,,,,,,,,,,,,,,,,,,,,,,,,,,
day_context,ctx_2026_06_02,,,,,,,,,2026-06-02T04:00:00+00:00,,,,,,,,,2026-06-02,,,,,,,,,,,,,,,,,,,,,,,,,,,,,,,,,,,,,,,,,,,,curso,240,191,8,7,true,false,Synthetic off=6,-49,79.58333333333333,,,,,,,,,,,,,,,,,,,,,,,,,,,,,,,,,
daily_reflection,ref_2026_06_02,,,,,,,,,2026-06-02T22:00:00+00:00,,,,,,,,,2026-06-02,,,,,,,,,,,,,,,,,,,,,,,,,,,,,,,,,,,,,,,,,,,,,,,,,,,,,,[],"[""Hidratar ao acordar""]","[""Meditacao matinal""]",,"[""Completou 7/8 pomodoros""]",[],Aprendizado do dia off=6.,[],bom,,,,,,,,,,,,,,,,,,,,,,,,
lunch_record,lun_2026_06_02,,,,,,,,,2026-06-02T12:05:00+00:00,,,,,,,,,2026-06-02,,,,,,,,,,,,,,,,,,,,,,,,,,,,,,,,,,,,,,,,,,,,,,,,,,,,,,,,,,,,,,,5,30,false,Almoco normal.,35,true,,,,,,,,,,,,,,,,,,
transicao,trn_t1_2026_06_02,,,,,,,,,2026-06-02T08:00:00+00:00,,,,,,,,,2026-06-02,,,,,,,,,,,,,,,,,,,,,,,,,,,,,,,,,,,,,,,,,,,,,,,,,,,,,,,,,,,,,,,,,,,,,T1,HYDRATION,15,true,,,,,,,,,,,,,,
transicao,trn_t2_2026_06_02,,,,,,,,,2026-06-02T09:00:00+00:00,,,,,,,,,2026-06-02,,,,,,,,,,,,,,,,,,,,,,,,,,,,,,,,,,,,,,,,,,,,,,,,,,,,,,,,,,,,,,,,,,,,,T2,MORNING,15,true,,,,,,,,,,,,,,
policy_decision,pol_demo_106_2026_06_02,,,,,,,,,2026-06-02T20:30:00+00:00,,MAINTAIN,,,,,,,2026-06-02,,,,,,,,,,,,,,,,,,,,,,,,,,,,,,,,,,,,,,,,,,,,,,,,,,,,,,,,,,,,,,,,,,,,,,,,,INFO,Dia estavel - Q2.,"{""id"": ""set_9263a6053bec"", ""state"": ""MAINTAIN"", ""hardwork_budget_hours"": 6.0, ""max_pomodoros_per_day"": 8, ""sleep_target_hours"": 8.0, ""qhe_target"": 0.75, ""break_minutes"": 10, ""allowed_phases"": [""DEEP_WORK"", ""SHALLOW_WORK""], ""description"": ""MAINTAIN regime: steady cadence. 6h hard work, 8 pomodoros, sleep 8h, Q_HE target 0.75."", ""created_at"": ""2026-06-08 17:53:51.715637""}",0,,0.78,H,0,true,2026-06-02T20:30:00+00:00,,,,
